Episode,Average Paddle Hits
1,0
2,0
3,0
4,0
5,0
6,0
7,0
8,0
9,0
10,0
11,0
12,0
13,0
14,0
15,0
16,0
17,0
18,0
19,0
20,0
21,0
22,0
23,0
24,0
25,0
26,0
27,0
28,0
29,0
30,0
31,0
32,0
33,0
34,0
35,0
36,0
37,0
38,0
39,0
40,0
41,0
42,0
43,0
44,0
45,0
46,0
47,0
48,0
49,0
50,0
51,0
52,0
53,0
54,0
55,0
56,0
57,0
58,0
59,0
60,0
61,0
62,0
63,0
64,0
65,0
66,0
67,0
68,0
69,0
70,0
71,0
72,0
73,0
74,0
75,0
76,0
77,0
78,0
79,0
80,0
81,0
82,0
83,0
84,0
85,0
86,0
87,0
88,0
89,0
90,0
91,0
92,0
93,0
94,0
95,0
96,0
97,0
98,0
99,0
100,0.36
101,0.36
102,0.39
103,0.39
104,0.4
105,0.43
106,0.43
107,0.45
108,0.45
109,0.44
110,0.42
111,0.42
112,0.42
113,0.41
114,0.41
115,0.43
116,0.45
117,0.45
118,0.45
119,0.45
120,0.45
121,0.44
122,0.44
123,0.45
124,0.44
125,0.44
126,0.43
127,0.42
128,0.42
129,0.42
130,0.42
131,0.41
132,0.41
133,0.42
134,0.42
135,0.39
136,0.39
137,0.41
138,0.42
139,0.45
140,0.43
141,0.44
142,0.44
143,0.44
144,0.43
145,0.43
146,0.43
147,0.43
148,0.43
149,0.44
150,0.44
151,0.44
152,0.45
153,0.44
154,0.43
155,0.43
156,0.43
157,0.42
158,0.42
159,0.42
160,0.44
161,0.43
162,0.43
163,0.45
164,0.47
165,0.47
166,0.47
167,0.48
168,0.48
169,0.49
170,0.51
171,0.52
172,0.52
173,0.52
174,0.53
175,0.52
176,0.52
177,0.52
178,0.52
179,0.52
180,0.5
181,0.5
182,0.5
183,0.51
184,0.51
185,0.52
186,0.52
187,0.5
188,0.51
189,0.5
190,0.5
191,0.5
192,0.47
193,0.47
194,0.47
195,0.47
196,0.47
197,0.49
198,0.52
199,0.51
200,0.52
201,0.52
202,0.49
203,0.5
204,0.5
205,0.47
206,0.48
207,0.46
208,0.46
209,0.46
210,0.46
211,0.46
212,0.46
213,0.46
214,0.46
215,0.44
216,0.41
217,0.42
218,0.42
219,0.44
220,0.44
221,0.45
222,0.45
223,0.44
224,0.44
225,0.44
226,0.44
227,0.44
228,0.44
229,0.45
230,0.48
231,0.48
232,0.48
233,0.49
234,0.5
235,0.5
236,0.5
237,0.47
238,0.5
239,0.48
240,0.49
241,0.48
242,0.48
243,0.47
244,0.47
245,0.47
246,0.47
247,0.48
248,0.48
249,0.48
250,0.49
251,0.49
252,0.48
253,0.49
254,0.49
255,0.49
256,0.5
257,0.5
258,0.52
259,0.54
260,0.51
261,0.52
262,0.52
263,0.5
264,0.5
265,0.5
266,0.51
267,0.5
268,0.5
269,0.5
270,0.49
271,0.48
272,0.48
273,0.48
274,0.47
275,0.47
276,0.47
277,0.49
278,0.49
279,0.48
280,0.48
281,0.48
282,0.49
283,0.49
284,0.51
285,0.5
286,0.5
287,0.5
288,0.49
289,0.49
290,0.5
291,0.5
292,0.5
293,0.5
294,0.54
295,0.53
296,0.54
297,0.52
298,0.52
299,0.52
300,0.51
301,0.51
302,0.52
303,0.51
304,0.51
305,0.51
306,0.5
307,0.51
308,0.55
309,0.55
310,0.55
311,0.57
312,0.57
313,0.57
314,0.59
315,0.59
316,0.61
317,0.6
318,0.61
319,0.6
320,0.61
321,0.6
322,0.63
323,0.63
324,0.64
325,0.64
326,0.66
327,0.66
328,0.66
329,0.65
330,0.62
331,0.63
332,0.63
333,0.63
334,0.63
335,0.66
336,0.67
337,0.67
338,0.64
339,0.64
340,0.65
341,0.65
342,0.66
343,0.66
344,0.67
345,0.67
346,0.67
347,0.66
348,0.68
349,0.72
350,0.71
351,0.71
352,0.72
353,0.71
354,0.71
355,0.71
356,0.7
357,0.7
358,0.68
359,0.68
360,0.69
361,0.68
362,0.68
363,0.68
364,0.66
365,0.66
366,0.68
367,0.68
368,0.68
369,0.68
370,0.67
371,0.68
372,0.68
373,0.68
374,0.7
375,0.7
376,0.74
377,0.71
378,0.73
379,0.73
380,0.73
381,0.73
382,0.72
383,0.71
384,0.69
385,0.69
386,0.69
387,0.7
388,0.7
389,0.73
390,0.72
391,0.72
392,0.72
393,0.73
394,0.69
395,0.69
396,0.68
397,0.74
398,0.71
399,0.74
400,0.74
401,0.75
402,0.74
403,0.74
404,0.75
405,0.75
406,0.75
407,0.75
408,0.72
409,0.72
410,0.73
411,0.72
412,0.73
413,0.74
414,0.73
415,0.73
416,0.71
417,0.72
418,0.72
419,0.73
420,0.72
421,0.72
422,0.71
423,0.72
424,0.71
425,0.72
426,0.7
427,0.73
428,0.73
429,0.75
430,0.81
431,0.82
432,0.87
433,0.85
434,0.86
435,0.83
436,0.84
437,0.84
438,0.83
439,0.83
440,0.84
441,0.84
442,0.87
443,0.88
444,0.89
445,0.93
446,0.93
447,0.93
448,0.91
449,0.86
450,0.91
451,0.92
452,0.91
453,0.91
454,0.95
455,0.95
456,0.95
457,0.96
458,0.97
459,0.95
460,0.94
461,0.94
462,0.95
463,0.96
464,0.97
465,0.97
466,0.94
467,0.94
468,0.97
469,0.96
470,1.0
471,1.0
472,1.0
473,1.01
474,1.0
475,1.0
476,0.96
477,0.97
478,0.95
479,0.97
480,0.97
481,0.98
482,1.01
483,1.02
484,1.04
485,1.04
486,1.05
487,1.04
488,1.06
489,1.05
490,1.1
491,1.12
492,1.13
493,1.14
494,1.15
495,1.15
496,1.15
497,1.1
498,1.12
499,1.1
500,1.11
501,1.11
502,1.12
503,1.12
504,1.1
505,1.1
506,1.12
507,1.13
508,1.16
509,1.16
510,1.18
511,1.18
512,1.17
513,1.17
514,1.18
515,1.2
516,1.2
517,1.2
518,1.2
519,1.18
520,1.22
521,1.22
522,1.2
523,1.22
524,1.25
525,1.24
526,1.28
527,1.27
528,1.27
529,1.26
530,1.21
531,1.24
532,1.23
533,1.24
534,1.22
535,1.26
536,1.26
537,1.26
538,1.27
539,1.26
540,1.24
541,1.24
542,1.2
543,1.21
544,1.2
545,1.17
546,1.2
547,1.2
548,1.21
549,1.24
550,1.28
551,1.27
552,1.29
553,1.3
554,1.3
555,1.32
556,1.32
557,1.33
558,1.33
559,1.35
560,1.4
561,1.41
562,1.45
563,1.49
564,1.51
565,1.53
566,1.55
567,1.56
568,1.57
569,1.58
570,1.56
571,1.55
572,1.57
573,1.59
574,1.58
575,1.58
576,1.68
577,1.77
578,1.8
579,1.78
580,1.78
581,1.78
582,1.75
583,1.81
584,1.85
585,1.88
586,1.87
587,1.88
588,1.92
589,1.91
590,1.88
591,1.86
592,1.86
593,1.92
594,1.96
595,1.96
596,2.0
597,2.0
598,1.99
599,2.15
600,2.2
601,2.2
602,2.2
603,2.22
604,2.3
605,2.32
606,2.3
607,2.29
608,2.25
609,2.28
610,2.27
611,2.32
612,2.32
613,2.37
614,2.36
615,2.38
616,2.38
617,2.41
618,2.4
619,2.4
620,2.36
621,2.38
622,2.39
623,2.36
624,2.33
625,2.33
626,2.29
627,2.27
628,2.27
629,2.26
630,2.25
631,2.21
632,2.17
633,2.16
634,2.16
635,2.14
636,2.12
637,2.18
638,2.17
639,2.17
640,2.19
641,2.21
642,2.22
643,2.2
644,2.2
645,2.2
646,2.2
647,2.21
648,2.24
649,2.3
650,2.21
651,2.22
652,2.22
653,2.24
654,2.25
655,2.27
656,2.28
657,2.28
658,2.27
659,2.28
660,2.36
661,2.4
662,2.35
663,2.3
664,2.27
665,2.25
666,2.26
667,2.25
668,2.21
669,2.23
670,2.22
671,2.23
672,2.24
673,2.21
674,2.28
675,2.3
676,2.21
677,2.28
678,2.3
679,2.32
680,2.39
681,2.38
682,2.48
683,2.5
684,2.48
685,2.45
686,2.45
687,2.5
688,2.46
689,2.5
690,2.56
691,2.57
692,2.58
693,2.53
694,2.49
695,2.49
696,2.47
697,2.48
698,2.49
699,2.32
700,2.26
701,2.32
702,2.31
703,2.31
704,2.26
705,2.25
706,2.28
707,2.3
708,2.31
709,2.29
710,2.27
711,2.21
712,2.23
713,2.2
714,2.19
715,2.16
716,2.18
717,2.19
718,2.21
719,2.21
720,2.21
721,2.2
722,2.19
723,2.24
724,2.31
725,2.35
726,2.52
727,2.54
728,2.56
729,2.57
730,2.63
731,2.73
732,2.87
733,2.91
734,2.97
735,3.02
736,3.02
737,3.06
738,3.07
739,3.12
740,3.1
741,3.1
742,3.12
743,3.15
744,3.17
745,3.18
746,3.18
747,3.19
748,3.15
749,3.13
750,3.13
751,3.15
752,3.14
753,3.15
754,3.15
755,3.15
756,3.2
757,3.18
758,3.22
759,3.31
760,3.23
761,3.19
762,3.27
763,3.34
764,3.36
765,3.41
766,3.38
767,3.39
768,3.4
769,3.39
770,3.45
771,3.46
772,3.55
773,3.58
774,3.52
775,3.52
776,3.8
777,3.69
778,3.64
779,3.71
780,3.72
781,3.72
782,3.71
783,3.64
784,3.76
785,3.9
786,4.03
787,4.04
788,4.02
789,4.03
790,3.97
791,3.97
792,3.96
793,4.04
794,4.06
795,4.16
796,4.16
797,4.31
798,4.39
799,4.4
800,4.53
801,4.57
802,4.62
803,4.6
804,4.57
805,4.6
806,4.57
807,4.56
808,4.56
809,4.63
810,4.72
811,4.73
812,4.82
813,4.79
814,4.82
815,4.95
816,4.95
817,4.9
818,5.02
819,5.02
820,5.03
821,5.21
822,5.22
823,5.29
824,5.26
825,5.25
826,5.11
827,5.2
828,5.45
829,5.44
830,5.45
831,5.34
832,5.22
833,5.24
834,5.24
835,5.21
836,5.27
837,5.18
838,5.2
839,5.2
840,5.21
841,5.36
842,5.34
843,5.32
844,5.39
845,5.47
846,5.5
847,5.51
848,5.74
849,5.77
850,5.79
851,5.76
852,5.83
853,5.87
854,5.83
855,5.89
856,5.84
857,5.87
858,5.84
859,5.73
860,5.74
861,5.73
862,5.66
863,5.59
864,5.82
865,5.87
866,5.99
867,6.06
868,6.09
869,6.07
870,6.07
871,6.23
872,6.13
873,6.1
874,6.12
875,6.1
876,5.81
877,5.76
878,5.81
879,5.73
880,5.68
881,5.73
882,5.64
883,5.82
884,5.83
885,5.69
886,5.6
887,5.6
888,5.63
889,5.65
890,5.64
891,5.66
892,5.7
893,5.67
894,5.74
895,5.73
896,5.87
897,5.74
898,5.65
899,5.68
900,5.56
901,5.45
902,5.41
903,5.41
904,5.54
905,5.52
906,5.54
907,5.54
908,5.54
909,5.52
910,5.45
911,5.5
912,5.39
913,5.49
914,5.63
915,5.53
916,5.55
917,5.55
918,5.45
919,5.47
920,5.48
921,5.41
922,5.45
923,5.33
924,5.5
925,5.54
926,5.54
927,5.44
928,5.19
929,5.2
930,5.13
931,5.19
932,5.18
933,5.15
934,5.09
935,5.08
936,5.12
937,5.21
938,5.19
939,5.22
940,5.24
941,5.1
942,5.25
943,5.54
944,5.47
945,5.42
946,5.5
947,5.5
948,5.28
949,5.19
950,5.2
951,5.25
952,5.21
953,5.16
954,5.2
955,5.16
956,5.19
957,5.17
958,5.16
959,5.15
960,5.1
961,5.1
962,5.09
963,5.09
964,4.9
965,4.82
966,4.75
967,4.67
968,4.65
969,4.65
970,4.6
971,4.42
972,4.42
973,4.64
974,4.63
975,4.74
976,4.8
977,4.83
978,4.78
979,4.79
980,4.77
981,4.78
982,4.92
983,4.72
984,4.62
985,4.62
986,4.6
987,4.58
988,4.56
989,4.54
990,4.56
991,4.55
992,4.52
993,4.6
994,4.6
995,4.52
996,4.52
997,4.61
998,4.67
999,4.65
1000,4.79
1001,4.79
1002,4.8
1003,4.86
1004,4.75
1005,4.81
1006,4.8
1007,4.85
1008,4.99
1009,4.93
1010,4.91
1011,4.95
1012,5.08
1013,5.0
1014,4.83
1015,4.79
1016,4.79
1017,4.8
1018,4.76
1019,4.91
1020,5.3
1021,5.27
1022,5.22
1023,5.37
1024,5.32
1025,5.49
1026,5.56
1027,5.56
1028,5.58
1029,5.6
1030,5.63
1031,5.65
1032,5.69
1033,5.67
1034,5.7
1035,5.71
1036,5.62
1037,5.56
1038,5.64
1039,5.57
1040,5.6
1041,5.66
1042,5.52
1043,5.45
1044,5.44
1045,5.58
1046,5.5
1047,5.59
1048,5.62
1049,5.62
1050,5.63
1051,5.59
1052,5.6
1053,5.63
1054,5.65
1055,5.67
1056,5.65
1057,5.69
1058,5.74
1059,5.74
1060,5.74
1061,5.98
1062,5.98
1063,5.99
1064,5.93
1065,5.97
1066,6.0
1067,6.01
1068,6.09
1069,6.12
1070,6.12
1071,6.29
1072,6.28
1073,6.19
1074,6.41
1075,6.33
1076,6.35
1077,6.6
1078,6.69
1079,6.67
1080,6.77
1081,6.82
1082,6.86
1083,7.02
1084,6.98
1085,7.05
1086,7.12
1087,7.11
1088,7.1
1089,7.04
1090,7.07
1091,7.09
1092,7.11
1093,6.97
1094,7.07
1095,7.08
1096,6.99
1097,6.91
1098,6.89
1099,6.88
1100,6.74
1101,6.78
1102,6.87
1103,6.85
1104,6.84
1105,6.83
1106,6.97
1107,6.95
1108,6.96
1109,6.98
1110,7.08
1111,7.01
1112,6.96
1113,6.99
1114,6.99
1115,7.02
1116,6.99
1117,7.36
1118,7.36
1119,7.34
1120,6.97
1121,6.9
1122,6.9
1123,6.75
1124,6.6
1125,6.45
1126,6.38
1127,6.39
1128,6.38
1129,6.37
1130,6.34
1131,6.33
1132,6.29
1133,6.71
1134,6.68
1135,6.8
1136,6.92
1137,7.0
1138,6.99
1139,7.03
1140,6.97
1141,6.89
1142,6.9
1143,6.81
1144,6.82
1145,6.69
1146,6.63
1147,6.71
1148,6.74
1149,6.77
1150,6.73
1151,6.76
1152,6.71
1153,6.8
1154,6.79
1155,6.78
1156,6.78
1157,6.78
1158,6.8
1159,6.8
1160,6.81
1161,6.69
1162,6.8
1163,6.85
1164,6.92
1165,6.92
1166,6.86
1167,7.06
1168,6.96
1169,7.07
1170,7.06
1171,6.89
1172,6.93
1173,6.87
1174,6.69
1175,6.67
1176,6.72
1177,6.49
1178,6.76
1179,6.96
1180,6.89
1181,6.82
1182,6.71
1183,6.78
1184,6.8
1185,6.9
1186,6.83
1187,6.95
1188,7.02
1189,7.05
1190,6.99
1191,6.99
1192,7.07
1193,7.11
1194,6.92
1195,6.95
1196,6.97
1197,6.92
1198,6.91
1199,7.05
1200,7.07
1201,7.06
1202,6.97
1203,6.94
1204,6.97
1205,7.09
1206,7.0
1207,7.0
1208,6.94
1209,6.93
1210,6.87
1211,6.86
1212,6.89
1213,6.84
1214,6.85
1215,6.84
1216,7.09
1217,6.71
1218,6.72
1219,6.63
1220,6.59
1221,6.6
1222,6.61
1223,6.62
1224,6.62
1225,6.82
1226,6.81
1227,6.89
1228,7.03
1229,7.07
1230,7.19
1231,7.18
1232,7.19
1233,6.89
1234,7.01
1235,7.0
1236,7.22
1237,7.13
1238,7.22
1239,7.21
1240,7.22
1241,7.4
1242,7.53
1243,7.39
1244,7.42
1245,7.43
1246,7.51
1247,7.57
1248,7.5
1249,7.46
1250,7.57
1251,7.68
1252,7.73
1253,7.61
1254,7.7
1255,7.76
1256,7.78
1257,7.78
1258,7.82
1259,7.89
1260,8.09
1261,7.98
1262,7.9
1263,7.84
1264,7.92
1265,7.9
1266,7.99
1267,7.93
1268,7.96
1269,7.85
1270,7.9
1271,8.09
1272,8.04
1273,8.17
1274,8.29
1275,8.53
1276,8.43
1277,8.81
1278,8.63
1279,8.54
1280,8.52
1281,8.48
1282,8.42
1283,8.26
1284,8.23
1285,8.07
1286,8.05
1287,7.89
1288,7.96
1289,8.08
1290,8.18
1291,8.17
1292,8.13
1293,8.08
1294,8.15
1295,8.38
1296,8.29
1297,8.65
1298,8.75
1299,8.63
1300,8.81
1301,8.84
1302,8.98
1303,9.03
1304,9.07
1305,9.06
1306,9.0
1307,9.04
1308,8.94
1309,9.04
1310,9.0
1311,8.98
1312,8.91
1313,8.96
1314,9.29
1315,9.27
1316,9.29
1317,9.38
1318,9.4
1319,9.38
1320,9.38
1321,9.53
1322,9.53
1323,9.68
1324,9.76
1325,9.5
1326,9.51
1327,9.46
1328,9.36
1329,9.45
1330,9.39
1331,9.34
1332,9.32
1333,9.21
1334,9.1
1335,9.14
1336,8.81
1337,8.8
1338,8.68
1339,9.0
1340,9.19
1341,9.06
1342,9.05
1343,9.05
1344,9.0
1345,8.95
1346,8.92
1347,8.91
1348,9.09
1349,9.26
1350,9.34
1351,9.43
1352,9.39
1353,9.41
1354,9.56
1355,9.51
1356,9.53
1357,9.55
1358,9.57
1359,9.52
1360,9.39
1361,9.4
1362,9.59
1363,9.95
1364,10.13
1365,10.16
1366,10.19
1367,10.2
1368,10.18
1369,10.17
1370,10.13
1371,10.16
1372,10.18
1373,10.24
1374,10.12
1375,9.87
1376,10.04
1377,9.65
1378,9.56
1379,9.49
1380,9.48
1381,9.66
1382,9.66
1383,9.88
1384,9.86
1385,9.87
1386,9.95
1387,10.0
1388,9.98
1389,9.84
1390,9.74
1391,9.73
1392,9.72
1393,9.82
1394,9.83
1395,9.66
1396,9.73
1397,9.41
1398,9.39
1399,9.4
1400,9.19
1401,9.13
1402,8.99
1403,8.93
1404,8.87
1405,8.79
1406,8.83
1407,8.78
1408,8.84
1409,8.75
1410,8.76
1411,8.76
1412,8.74
1413,8.7
1414,8.4
1415,8.43
1416,8.19
1417,8.13
1418,8.12
1419,8.09
1420,8.09
1421,7.93
1422,7.92
1423,7.83
1424,7.78
1425,7.86
1426,7.83
1427,7.78
1428,7.75
1429,7.68
1430,7.63
1431,7.75
1432,7.83
1433,7.81
1434,7.82
1435,7.67
1436,7.65
1437,7.8
1438,7.76
1439,7.52
1440,7.34
1441,7.29
1442,7.3
1443,7.35
1444,7.45
1445,7.58
1446,7.63
1447,7.44
1448,7.31
1449,7.18
1450,7.02
1451,7.02
1452,7.18
1453,7.26
1454,7.05
1455,6.97
1456,6.92
1457,7.01
1458,6.88
1459,7.08
1460,7.02
1461,7.26
1462,7.08
1463,6.74
1464,6.51
1465,6.46
1466,6.37
1467,6.26
1468,6.26
1469,6.5
1470,6.53
1471,6.33
1472,6.31
1473,6.07
1474,6.1
1475,6.16
1476,5.96
1477,5.95
1478,5.88
1479,5.95
1480,5.94
1481,5.81
1482,5.84
1483,5.59
1484,5.59
1485,5.63
1486,5.86
1487,5.81
1488,5.73
1489,5.97
1490,6.05
1491,6.03
1492,6.01
1493,6.02
1494,5.96
1495,5.9
1496,5.84
1497,5.97
1498,5.88
1499,6.0
1500,6.0
1501,6.23
1502,6.24
1503,6.35
1504,6.33
1505,6.41
1506,6.42
1507,6.44
1508,6.41
1509,6.83
1510,6.85
1511,7.29
1512,7.43
1513,7.54
1514,7.61
1515,7.73
1516,7.9
1517,7.89
1518,7.95
1519,7.98
1520,7.99
1521,8.12
1522,8.17
1523,8.29
1524,8.57
1525,8.7
1526,8.7
1527,9.05
1528,9.31
1529,9.33
1530,9.33
1531,9.31
1532,9.29
1533,9.29
1534,9.32
1535,9.32
1536,9.36
1537,9.22
1538,9.43
1539,9.32
1540,9.47
1541,9.55
1542,9.42
1543,9.47
1544,9.42
1545,9.28
1546,9.23
1547,9.17
1548,9.32
1549,9.29
1550,9.26
1551,9.08
1552,9.02
1553,8.92
1554,8.9
1555,8.9
1556,8.9
1557,8.8
1558,8.96
1559,9.05
1560,9.05
1561,8.97
1562,8.94
1563,8.99
1564,9.18
1565,9.22
1566,9.38
1567,9.43
1568,9.57
1569,9.38
1570,9.73
1571,9.73
1572,9.76
1573,9.75
1574,9.73
1575,9.92
1576,9.94
1577,9.96
1578,9.97
1579,9.89
1580,9.91
1581,10.06
1582,10.15
1583,10.18
1584,10.21
1585,10.17
1586,10.47
1587,10.49
1588,10.53
1589,10.52
1590,10.5
1591,10.67
1592,10.71
1593,10.66
1594,10.83
1595,10.87
1596,10.99
1597,11.04
1598,11.04
1599,10.94
1600,10.95
1601,10.91
1602,10.91
1603,11.2
1604,11.6
1605,11.53
1606,11.54
1607,11.49
1608,11.47
1609,11.03
1610,11.0
1611,10.85
1612,10.79
1613,10.83
1614,10.91
1615,10.99
1616,10.85
1617,11.04
1618,11.34
1619,11.46
1620,11.71
1621,11.6
1622,11.72
1623,11.55
1624,11.47
1625,11.37
1626,11.51
1627,11.29
1628,11.0
1629,11.09
1630,11.16
1631,11.07
1632,11.14
1633,11.36
1634,11.34
1635,11.3
1636,11.62
1637,11.65
1638,11.52
1639,11.58
1640,11.42
1641,11.52
1642,11.58
1643,11.48
1644,11.55
1645,11.64
1646,11.7
1647,11.87
1648,11.7
1649,11.74
1650,11.95
1651,12.0
1652,12.06
1653,12.05
1654,11.98
1655,12.02
1656,12.04
1657,12.07
1658,12.12
1659,12.31
1660,12.32
1661,12.67
1662,13.08
1663,13.02
1664,12.82
1665,12.82
1666,12.9
1667,12.89
1668,12.8
1669,12.94
1670,12.66
1671,13.18
1672,13.16
1673,13.4
1674,13.33
1675,13.29
1676,13.31
1677,13.57
1678,13.6
1679,13.65
1680,13.75
1681,13.58
1682,13.52
1683,14.01
1684,14.04
1685,14.29
1686,13.72
1687,13.7
1688,13.86
1689,13.89
1690,13.83
1691,13.7
1692,13.66
1693,13.64
1694,13.55
1695,13.64
1696,13.79
1697,13.71
1698,13.71
1699,13.7
1700,13.72
1701,13.9
1702,14.07
1703,13.76
1704,13.66
1705,13.59
1706,13.55
1707,13.59
1708,13.64
1709,13.69
1710,14.09
1711,13.85
1712,13.99
1713,13.88
1714,14.05
1715,14.12
1716,14.37
1717,14.23
1718,13.9
1719,13.78
1720,13.56
1721,13.87
1722,13.76
1723,13.74
1724,13.58
1725,13.52
1726,13.49
1727,13.61
1728,13.63
1729,13.45
1730,13.64
1731,13.81
1732,13.75
1733,13.64
1734,13.68
1735,13.68
1736,13.53
1737,13.68
1738,13.62
1739,13.56
1740,13.63
1741,13.46
1742,13.72
1743,13.78
1744,13.74
1745,13.8
1746,13.76
1747,13.6
1748,13.75
1749,13.76
1750,13.75
1751,13.89
1752,13.75
1753,13.73
1754,13.85
1755,14.3
1756,14.3
1757,14.27
1758,14.19
1759,13.69
1760,13.85
1761,13.39
1762,13.32
1763,13.37
1764,13.3
1765,13.33
1766,13.08
1767,13.05
1768,13.01
1769,12.83
1770,12.73
1771,12.39
1772,12.61
1773,12.4
1774,12.46
1775,12.29
1776,12.4
1777,12.09
1778,12.17
1779,12.17
1780,12.05
1781,12.15
1782,12.1
1783,11.72
1784,11.67
1785,11.52
1786,11.64
1787,11.7
1788,11.46
1789,11.61
1790,11.69
1791,11.66
1792,11.65
1793,11.84
1794,11.79
1795,11.66
1796,11.54
1797,11.43
1798,11.4
1799,11.54
1800,11.59
1801,11.45
1802,11.34
1803,11.35
1804,11.24
1805,11.45
1806,11.46
1807,11.44
1808,11.53
1809,11.54
1810,11.2
1811,11.3
1812,11.13
1813,11.27
1814,10.93
1815,10.76
1816,10.51
1817,10.44
1818,10.56
1819,10.62
1820,10.59
1821,10.3
1822,10.25
1823,10.46
1824,10.67
1825,10.67
1826,10.6
1827,10.36
1828,10.44
1829,10.46
1830,10.23
1831,10.08
1832,10.08
1833,10.02
1834,10.0
1835,10.09
1836,9.9
1837,9.79
1838,9.78
1839,9.84
1840,9.75
1841,9.87
1842,9.68
1843,9.95
1844,10.0
1845,9.89
1846,10.05
1847,10.22
1848,10.17
1849,10.16
1850,9.96
1851,9.88
1852,9.86
1853,10.19
1854,10.07
1855,9.59
1856,9.57
1857,9.59
1858,9.57
1859,9.73
1860,9.59
1861,9.52
1862,9.25
1863,9.35
1864,9.34
1865,9.26
1866,9.32
1867,9.28
1868,9.61
1869,9.58
1870,10.0
1871,9.8
1872,9.61
1873,9.75
1874,9.8
1875,9.93
1876,9.9
1877,9.9
1878,9.85
1879,9.9
1880,10.07
1881,10.14
1882,10.15
1883,10.11
1884,10.25
1885,10.19
1886,10.15
1887,10.27
1888,10.41
1889,10.01
1890,9.96
1891,9.97
1892,10.04
1893,9.9
1894,9.96
1895,9.92
1896,9.83
1897,9.82
1898,9.89
1899,9.84
1900,9.81
1901,9.76
1902,9.73
1903,9.88
1904,9.72
1905,9.52
1906,9.49
1907,9.49
1908,9.34
1909,9.35
1910,9.33
1911,9.55
1912,9.62
1913,9.61
1914,9.62
1915,9.56
1916,9.67
1917,9.69
1918,9.7
1919,9.68
1920,9.69
1921,9.78
1922,9.89
1923,9.72
1924,9.44
1925,9.38
1926,9.41
1927,9.56
1928,9.48
1929,9.72
1930,9.84
1931,9.9
1932,9.86
1933,9.83
1934,9.82
1935,9.86
1936,9.9
1937,9.8
1938,9.8
1939,9.74
1940,9.77
1941,9.66
1942,9.68
1943,9.43
1944,9.41
1945,9.86
1946,9.79
1947,9.77
1948,9.69
1949,9.73
1950,9.98
1951,10.27
1952,10.29
1953,10.0
1954,10.14
1955,10.19
1956,10.3
1957,10.7
1958,10.65
1959,10.6
1960,10.62
1961,10.65
1962,10.62
1963,10.64
1964,10.7
1965,10.7
1966,11.04
1967,11.61
1968,11.46
1969,11.67
1970,11.44
1971,11.51
1972,11.55
1973,11.37
1974,11.32
1975,11.43
1976,11.33
1977,11.36
1978,11.4
1979,11.57
1980,11.61
1981,11.41
1982,11.48
1983,11.46
1984,11.58
1985,11.55
1986,11.85
1987,11.72
1988,11.96
1989,12.28
1990,12.34
1991,12.36
1992,12.28
1993,12.18
1994,12.21
1995,12.31
1996,12.33
1997,12.66
1998,12.67
1999,12.66
2000,13.0
2001,12.89
2002,12.9
2003,12.75
2004,12.74
2005,12.72
2006,12.79
2007,12.94
2008,13.18
2009,13.86
2010,13.92
2011,13.57
2012,13.66
2013,13.59
2014,13.59
2015,13.58
2016,13.51
2017,13.58
2018,13.4
2019,13.33
2020,13.64
2021,13.96
2022,14.14
2023,14.14
2024,14.13
2025,14.12
2026,14.06
2027,13.9
2028,13.96
2029,13.69
2030,13.59
2031,13.52
2032,13.58
2033,13.61
2034,13.63
2035,13.85
2036,13.81
2037,13.93
2038,13.98
2039,13.98
2040,14.0
2041,13.98
2042,13.86
2043,13.81
2044,13.77
2045,13.39
2046,13.23
2047,13.1
2048,13.16
2049,13.1
2050,12.85
2051,12.93
2052,12.93
2053,13.04
2054,13.01
2055,13.01
2056,12.99
2057,12.52
2058,12.46
2059,12.69
2060,12.71
2061,12.68
2062,12.66
2063,12.49
2064,12.51
2065,12.87
2066,12.58
2067,12.2
2068,12.02
2069,12.01
2070,11.86
2071,11.82
2072,11.78
2073,11.97
2074,12.02
2075,11.83
2076,11.9
2077,12.22
2078,12.11
2079,11.82
2080,11.83
2081,11.94
2082,11.84
2083,11.77
2084,11.72
2085,11.86
2086,11.46
2087,11.87
2088,11.54
2089,11.37
2090,11.34
2091,11.54
2092,11.92
2093,12.09
2094,12.08
2095,12.01
2096,11.96
2097,11.68
2098,12.07
2099,12.1
2100,11.76
2101,11.69
2102,11.72
2103,11.63
2104,11.62
2105,11.68
2106,11.73
2107,11.68
2108,11.59
2109,10.84
2110,10.84
2111,10.86
2112,10.67
2113,10.74
2114,10.88
2115,11.01
2116,11.29
2117,11.26
2118,11.3
2119,11.77
2120,11.64
2121,11.19
2122,11.03
2123,11.1
2124,11.31
2125,11.45
2126,11.59
2127,11.74
2128,11.91
2129,11.94
2130,11.99
2131,12.19
2132,12.17
2133,12.47
2134,13.11
2135,13.03
2136,13.03
2137,13.02
2138,13.11
2139,13.11
2140,13.18
2141,13.19
2142,13.17
2143,13.29
2144,13.31
2145,13.32
2146,13.56
2147,13.78
2148,13.81
2149,13.8
2150,13.86
2151,13.4
2152,13.94
2153,13.83
2154,13.72
2155,13.66
2156,13.62
2157,13.73
2158,13.81
2159,13.61
2160,13.51
2161,13.67
2162,13.67
2163,13.79
2164,13.79
2165,13.73
2166,13.71
2167,13.51
2168,13.54
2169,13.45
2170,13.44
2171,13.43
2172,13.43
2173,13.25
2174,13.16
2175,13.38
2176,13.63
2177,13.38
2178,13.44
2179,13.54
2180,13.32
2181,13.21
2182,13.24
2183,13.23
2184,13.11
2185,13.03
2186,13.14
2187,12.69
2188,12.85
2189,12.72
2190,12.69
2191,12.86
2192,12.45
2193,12.32
2194,12.2
2195,12.2
2196,12.18
2197,12.36
2198,12.08
2199,11.98
2200,12.24
2201,12.29
2202,12.3
2203,12.33
2204,12.38
2205,12.38
2206,12.31
2207,12.22
2208,12.16
2209,12.27
2210,12.47
2211,12.67
2212,13.12
2213,12.94
2214,12.98
2215,12.79
2216,12.55
2217,12.64
2218,12.79
2219,12.45
2220,12.34
2221,12.42
2222,12.52
2223,12.43
2224,12.27
2225,12.38
2226,12.35
2227,12.39
2228,12.17
2229,12.15
2230,12.14
2231,12.4
2232,12.42
2233,12.08
2234,11.6
2235,11.39
2236,11.41
2237,11.5
2238,11.46
2239,11.45
2240,11.44
2241,11.42
2242,11.38
2243,11.31
2244,11.21
2245,11.22
2246,11.26
2247,11.12
2248,11.53
2249,11.71
2250,11.78
2251,11.78
2252,11.23
2253,11.31
2254,11.36
2255,11.37
2256,11.63
2257,11.58
2258,11.67
2259,11.53
2260,11.54
2261,11.64
2262,11.73
2263,12.17
2264,12.23
2265,12.13
2266,12.03
2267,12.25
2268,12.36
2269,12.28
2270,12.32
2271,12.43
2272,12.62
2273,12.64
2274,12.81
2275,12.5
2276,12.26
2277,12.58
2278,12.55
2279,12.51
2280,12.81
2281,12.85
2282,12.84
2283,13.1
2284,13.2
2285,13.2
2286,13.12
2287,13.11
2288,12.97
2289,13.28
2290,13.38
2291,13.09
2292,13.16
2293,13.53
2294,13.64
2295,13.62
2296,13.76
2297,13.64
2298,13.45
2299,13.46
2300,13.19
2301,13.14
2302,13.12
2303,13.13
2304,13.08
2305,13.03
2306,13.26
2307,13.26
2308,13.17
2309,13.09
2310,12.93
2311,12.88
2312,12.39
2313,12.66
2314,12.46
2315,12.59
2316,12.61
2317,12.84
2318,12.72
2319,12.92
2320,12.83
2321,12.88
2322,12.69
2323,12.72
2324,12.72
2325,12.54
2326,12.49
2327,12.33
2328,12.38
2329,12.39
2330,12.31
2331,11.87
2332,11.88
2333,11.91
2334,11.8
2335,11.79
2336,11.8
2337,11.64
2338,11.52
2339,11.52
2340,11.49
2341,11.61
2342,11.63
2343,11.61
2344,11.65
2345,11.63
2346,11.39
2347,11.36
2348,10.88
2349,10.69
2350,10.57
2351,10.67
2352,10.74
2353,10.74
2354,10.84
2355,11.01
2356,10.94
2357,10.88
2358,10.84
2359,10.96
2360,11.03
2361,10.81
2362,10.9
2363,10.34
2364,10.24
2365,10.08
2366,10.14
2367,9.92
2368,9.76
2369,9.73
2370,9.7
2371,9.62
2372,9.61
2373,9.58
2374,9.41
2375,9.46
2376,9.45
2377,9.5
2378,9.88
2379,9.85
2380,9.72
2381,9.7
2382,9.69
2383,9.54
2384,9.4
2385,9.4
2386,9.37
2387,9.47
2388,9.61
2389,9.29
2390,9.27
2391,9.2
2392,9.17
2393,9.01
2394,9.01
2395,9.0
2396,8.87
2397,8.76
2398,8.97
2399,9.24
2400,9.23
2401,9.33
2402,9.43
2403,9.48
2404,9.57
2405,9.56
2406,9.54
2407,9.65
2408,9.79
2409,9.81
2410,9.69
2411,9.57
2412,9.59
2413,9.68
2414,9.89
2415,9.79
2416,9.89
2417,9.63
2418,9.57
2419,9.36
2420,9.5
2421,9.45
2422,9.41
2423,9.72
2424,9.68
2425,9.72
2426,10.34
2427,10.49
2428,10.58
2429,10.56
2430,10.7
2431,10.84
2432,10.76
2433,10.89
2434,11.0
2435,11.13
2436,11.12
2437,11.08
2438,11.16
2439,11.32
2440,11.44
2441,11.41
2442,11.61
2443,11.56
2444,12.01
2445,12.35
2446,12.32
2447,12.32
2448,12.61
2449,12.73
2450,12.72
2451,12.7
2452,12.72
2453,12.62
2454,12.5
2455,12.5
2456,12.32
2457,12.59
2458,12.61
2459,12.74
2460,12.72
2461,12.75
2462,12.75
2463,12.8
2464,12.75
2465,12.76
2466,12.77
2467,13.17
2468,13.18
2469,13.35
2470,13.46
2471,13.55
2472,13.53
2473,13.54
2474,14.07
2475,14.09
2476,14.16
2477,13.87
2478,13.51
2479,13.5
2480,13.39
2481,13.38
2482,13.47
2483,13.48
2484,13.48
2485,13.75
2486,14.28
2487,14.3
2488,14.21
2489,14.64
2490,14.53
2491,14.6
2492,14.83
2493,14.63
2494,14.5
2495,14.53
2496,14.56
2497,14.76
2498,14.6
2499,14.4
2500,14.45
2501,14.72
2502,14.66
2503,14.85
2504,14.75
2505,14.82
2506,14.6
2507,14.45
2508,14.51
2509,14.67
2510,14.86
2511,14.91
2512,15.03
2513,14.68
2514,14.57
2515,14.59
2516,14.83
2517,15.59
2518,15.58
2519,15.53
2520,15.41
2521,15.47
2522,15.48
2523,15.37
2524,15.7
2525,15.62
2526,15.19
2527,15.03
2528,15.16
2529,15.24
2530,15.1
2531,14.95
2532,15.14
2533,15.12
2534,15.11
2535,14.93
2536,15.18
2537,15.41
2538,15.35
2539,15.23
2540,15.03
2541,14.94
2542,14.91
2543,14.99
2544,14.53
2545,14.08
2546,14.33
2547,14.32
2548,14.17
2549,14.06
2550,14.34
2551,14.19
2552,14.11
2553,14.15
2554,14.5
2555,14.38
2556,14.44
2557,14.3
2558,14.31
2559,14.21
2560,14.23
2561,14.26
2562,14.43
2563,14.69
2564,14.72
2565,14.76
2566,14.71
2567,14.39
2568,14.52
2569,14.46
2570,14.4
2571,14.28
2572,14.11
2573,14.31
2574,14.12
2575,14.13
2576,13.97
2577,13.83
2578,13.83
2579,13.93
2580,14.02
2581,14.12
2582,14.1
2583,14.2
2584,14.16
2585,14.01
2586,13.61
2587,13.79
2588,13.68
2589,13.38
2590,13.41
2591,13.38
2592,13.18
2593,13.23
2594,13.23
2595,13.31
2596,13.31
2597,13.13
2598,13.18
2599,13.07
2600,13.14
2601,12.78
2602,12.73
2603,12.44
2604,12.52
2605,12.44
2606,12.51
2607,12.62
2608,12.47
2609,12.26
2610,12.17
2611,12.09
2612,11.99
2613,12.07
2614,11.98
2615,11.97
2616,11.59
2617,10.72
2618,10.77
2619,10.81
2620,10.94
2621,10.83
2622,10.97
2623,10.94
2624,10.77
2625,10.83
2626,10.57
2627,10.56
2628,10.31
2629,10.25
2630,10.4
2631,10.46
2632,10.34
2633,10.29
2634,10.09
2635,10.09
2636,9.81
2637,9.61
2638,9.73
2639,9.77
2640,10.07
2641,10.24
2642,10.17
2643,10.1
2644,10.28
2645,10.36
2646,10.23
2647,10.29
2648,10.13
2649,10.38
2650,10.1
2651,10.18
2652,10.27
2653,10.59
2654,10.25
2655,10.21
2656,10.14
2657,10.0
2658,10.05
2659,9.99
2660,9.95
2661,9.95
2662,9.73
2663,9.45
2664,9.42
2665,9.6
2666,9.55
2667,9.81
2668,9.82
2669,9.79
2670,9.81
2671,9.98
2672,10.19
2673,10.36
2674,10.04
2675,10.04
2676,10.5
2677,10.66
2678,10.78
2679,10.68
2680,10.54
2681,10.7
2682,10.63
2683,10.39
2684,10.39
2685,10.31
2686,10.29
2687,10.14
2688,10.28
2689,10.34
2690,10.31
2691,10.41
2692,10.64
2693,11.01
2694,11.02
2695,10.92
2696,11.09
2697,11.07
2698,10.97
2699,11.01
2700,11.0
2701,11.0
2702,10.96
2703,10.96
2704,11.13
2705,11.11
2706,11.04
2707,10.97
2708,10.99
2709,11.1
2710,11.31
2711,11.72
2712,11.88
2713,11.8
2714,11.82
2715,12.0
2716,11.9
2717,12.07
2718,12.24
2719,12.4
2720,12.25
2721,12.31
2722,12.31
2723,12.52
2724,12.53
2725,12.98
2726,13.21
2727,13.23
2728,13.36
2729,13.43
2730,13.4
2731,13.3
2732,13.39
2733,13.6
2734,13.62
2735,13.64
2736,13.99
2737,13.98
2738,13.86
2739,13.79
2740,13.71
2741,13.57
2742,13.47
2743,13.68
2744,13.49
2745,13.46
2746,13.39
2747,13.42
2748,13.42
2749,13.16
2750,13.19
2751,13.12
2752,13.08
2753,12.73
2754,12.76
2755,13.35
2756,13.37
2757,13.75
2758,13.6
2759,13.58
2760,13.79
2761,13.69
2762,13.67
2763,13.68
2764,13.81
2765,14.18
2766,14.2
2767,13.93
2768,14.14
2769,14.06
2770,13.96
2771,13.87
2772,13.65
2773,13.42
2774,13.75
2775,13.68
2776,13.27
2777,13.32
2778,13.45
2779,13.6
2780,13.69
2781,13.48
2782,13.48
2783,13.47
2784,13.48
2785,13.39
2786,13.3
2787,13.2
2788,13.32
2789,13.13
2790,13.29
2791,13.19
2792,13.1
2793,12.79
2794,12.79
2795,12.78
2796,12.88
2797,12.97
2798,13.21
2799,13.15
2800,13.29
2801,13.4
2802,13.38
2803,13.69
2804,13.54
2805,13.81
2806,14.37
2807,14.43
2808,14.45
2809,14.65
2810,14.36
2811,13.91
2812,13.89
2813,13.91
2814,13.88
2815,13.82
2816,13.79
2817,13.84
2818,13.66
2819,13.63
2820,13.73
2821,13.83
2822,13.68
2823,13.28
2824,13.15
2825,12.64
2826,12.41
2827,12.42
2828,12.24
2829,12.15
2830,12.35
2831,12.73
2832,12.57
2833,12.41
2834,12.61
2835,12.63
2836,12.36
2837,12.34
2838,12.4
2839,12.56
2840,12.34
2841,12.38
2842,12.41
2843,12.22
2844,12.31
2845,12.35
2846,12.3
2847,12.2
2848,12.26
2849,12.54
2850,12.52
2851,12.6
2852,12.7
2853,12.72
2854,12.77
2855,12.17
2856,12.15
2857,11.93
2858,11.87
2859,12.16
2860,11.94
2861,12.12
2862,12.33
2863,12.45
2864,12.32
2865,11.75
2866,11.77
2867,11.7
2868,11.43
2869,11.56
2870,11.69
2871,12.08
2872,12.1
2873,11.98
2874,11.63
2875,11.7
2876,11.88
2877,11.65
2878,11.59
2879,11.54
2880,11.51
2881,11.72
2882,11.78
2883,12.37
2884,12.4
2885,12.46
2886,12.49
2887,12.64
2888,12.47
2889,12.75
2890,12.67
2891,12.61
2892,12.51
2893,12.58
2894,12.62
2895,12.66
2896,12.43
2897,12.39
2898,12.21
2899,12.49
2900,12.35
2901,12.49
2902,12.48
2903,12.17
2904,12.19
2905,12.02
2906,11.43
2907,11.33
2908,11.24
2909,10.95
2910,11.11
2911,11.32
2912,11.31
2913,11.37
2914,11.79
2915,11.77
2916,11.84
2917,11.83
2918,11.9
2919,11.66
2920,11.56
2921,11.68
2922,11.85
2923,12.08
2924,12.08
2925,12.24
2926,12.6
2927,12.78
2928,12.78
2929,13.44
2930,13.17
2931,12.82
2932,12.84
2933,13.12
2934,13.05
2935,13.26
2936,13.19
2937,13.3
2938,13.25
2939,13.31
2940,13.41
2941,13.34
2942,13.74
2943,13.85
2944,13.77
2945,13.67
2946,13.69
2947,13.78
2948,14.0
2949,13.72
2950,13.72
2951,13.63
2952,13.51
2953,13.62
2954,13.54
2955,13.73
2956,13.68
2957,13.74
2958,13.85
2959,13.76
2960,13.97
2961,14.08
2962,13.98
2963,13.86
2964,14.07
2965,14.08
2966,14.08
2967,14.08
2968,14.15
2969,14.19
2970,14.05
2971,13.67
2972,13.86
2973,13.95
2974,13.93
2975,13.86
2976,13.74
2977,13.83
2978,13.61
2979,13.48
2980,13.54
2981,13.31
2982,13.46
2983,12.9
2984,12.86
2985,12.81
2986,12.93
2987,12.79
2988,12.71
2989,12.43
2990,12.39
2991,12.45
2992,12.77
2993,12.87
2994,13.04
2995,13.14
2996,13.17
2997,13.29
2998,13.5
2999,13.32
3000,13.27
3001,13.09
3002,13.2
3003,13.78
3004,13.69
3005,13.67
3006,13.81
3007,13.88
3008,14.05
3009,14.18
3010,14.18
3011,14.04
3012,13.92
3013,13.93
3014,13.98
3015,14.02
3016,13.95
3017,13.8
3018,13.96
3019,14.0
3020,14.31
3021,14.15
3022,13.99
3023,13.76
3024,13.73
3025,13.53
3026,13.23
3027,13.12
3028,13.14
3029,12.9
3030,12.93
3031,12.9
3032,12.94
3033,12.55
3034,12.44
3035,12.53
3036,12.86
3037,12.77
3038,12.79
3039,12.56
3040,12.65
3041,12.87
3042,12.51
3043,12.44
3044,12.43
3045,12.74
3046,12.74
3047,12.71
3048,12.5
3049,12.56
3050,12.69
3051,12.8
3052,12.75
3053,12.65
3054,12.84
3055,12.66
3056,12.8
3057,12.63
3058,12.97
3059,13.01
3060,13.02
3061,12.8
3062,12.85
3063,12.88
3064,12.92
3065,13.04
3066,13.02
3067,13.19
3068,13.04
3069,12.95
3070,12.96
3071,13.0
3072,12.9
3073,12.95
3074,12.98
3075,13.13
3076,13.07
3077,13.17
3078,13.24
3079,13.36
3080,13.25
3081,13.29
3082,13.24
3083,13.33
3084,13.46
3085,13.49
3086,13.43
3087,13.55
3088,13.95
3089,14.14
3090,14.63
3091,14.82
3092,14.43
3093,14.13
3094,13.92
3095,14.1
3096,14.02
3097,14.07
3098,13.95
3099,14.16
3100,14.22
3101,14.14
3102,14.2
3103,13.84
3104,14.4
3105,14.52
3106,14.43
3107,14.63
3108,14.54
3109,15.23
3110,15.05
3111,15.0
3112,14.95
3113,15.47
3114,15.07
3115,15.34
3116,15.54
3117,15.84
3118,15.89
3119,16.72
3120,16.46
3121,16.49
3122,16.65
3123,16.86
3124,17.11
3125,17.16
3126,17.31
3127,17.28
3128,17.31
3129,17.21
3130,17.12
3131,17.13
3132,17.19
3133,17.15
3134,17.15
3135,16.93
3136,16.59
3137,16.73
3138,16.68
3139,16.72
3140,16.6
3141,16.53
3142,16.46
3143,16.41
3144,16.4
3145,16.16
3146,16.36
3147,16.24
3148,16.14
3149,16.22
3150,16.17
3151,16.07
3152,16.08
3153,16.04
3154,15.93
3155,16.02
3156,15.88
3157,15.87
3158,15.64
3159,15.37
3160,15.28
3161,15.27
3162,14.97
3163,14.93
3164,14.73
3165,14.52
3166,14.56
3167,14.43
3168,14.63
3169,14.94
3170,15.16
3171,15.03
3172,15.04
3173,15.33
3174,15.46
3175,15.63
3176,15.81
3177,15.7
3178,15.62
3179,15.57
3180,15.61
3181,15.67
3182,15.51
3183,15.61
3184,15.5
3185,15.8
3186,15.9
3187,15.94
3188,15.81
3189,15.62
3190,15.41
3191,15.16
3192,15.35
3193,15.46
3194,15.55
3195,15.3
3196,15.46
3197,15.44
3198,15.48
3199,15.23
3200,15.68
3201,15.87
3202,15.72
3203,15.53
3204,15.38
3205,15.4
3206,15.75
3207,15.49
3208,15.43
3209,14.77
3210,14.8
3211,14.8
3212,15.15
3213,14.68
3214,15.09
3215,14.91
3216,14.97
3217,14.74
3218,14.58
3219,13.9
3220,14.01
3221,14.02
3222,13.88
3223,13.69
3224,13.68
3225,13.68
3226,13.55
3227,13.63
3228,13.62
3229,13.32
3230,13.51
3231,13.56
3232,13.53
3233,13.58
3234,13.65
3235,13.54
3236,13.53
3237,13.44
3238,14.08
3239,14.05
3240,13.99
3241,14.05
3242,14.12
3243,14.09
3244,14.13
3245,14.07
3246,13.93
3247,13.94
3248,14.03
3249,13.93
3250,13.88
3251,13.97
3252,14.03
3253,14.06
3254,14.06
3255,13.98
3256,14.0
3257,14.1
3258,13.99
3259,13.95
3260,13.96
3261,13.97
3262,14.08
3263,14.11
3264,14.37
3265,14.58
3266,14.54
3267,14.88
3268,14.84
3269,14.48
3270,14.32
3271,14.31
3272,14.51
3273,14.23
3274,14.22
3275,13.93
3276,13.82
3277,13.83
3278,14.39
3279,14.83
3280,14.78
3281,14.74
3282,14.77
3283,14.54
3284,14.52
3285,14.19
3286,14.12
3287,13.93
3288,13.99
3289,14.09
3290,13.84
3291,13.92
3292,13.8
3293,13.97
3294,14.05
3295,14.46
3296,14.31
3297,14.13
3298,14.26
3299,14.24
3300,13.71
3301,13.84
3302,13.85
3303,13.85
3304,13.41
3305,13.23
3306,12.82
3307,12.83
3308,13.05
3309,12.87
3310,12.93
3311,13.01
3312,12.74
3313,12.75
3314,12.3
3315,12.18
3316,11.96
3317,11.92
3318,11.81
3319,11.62
3320,11.77
3321,11.81
3322,11.81
3323,11.76
3324,11.58
3325,11.54
3326,11.48
3327,11.37
3328,11.44
3329,11.56
3330,11.92
3331,12.63
3332,12.8
3333,12.76
3334,12.9
3335,13.02
3336,13.16
3337,13.22
3338,12.83
3339,12.99
3340,13.05
3341,12.84
3342,12.92
3343,13.74
3344,13.75
3345,13.84
3346,13.92
3347,14.45
3348,14.42
3349,14.48
3350,14.63
3351,14.57
3352,14.5
3353,14.77
3354,14.71
3355,14.71
3356,15.24
3357,15.1
3358,15.0
3359,15.43
3360,15.26
3361,15.35
3362,15.32
3363,15.32
3364,15.03
3365,14.82
3366,14.87
3367,14.53
3368,14.61
3369,14.83
3370,14.88
3371,14.88
3372,14.69
3373,14.57
3374,14.51
3375,14.73
3376,14.69
3377,14.6
3378,14.06
3379,13.65
3380,13.69
3381,13.63
3382,13.77
3383,13.78
3384,13.99
3385,14.04
3386,14.16
3387,14.21
3388,14.12
3389,14.26
3390,14.37
3391,14.9
3392,14.81
3393,14.53
3394,14.82
3395,14.72
3396,14.75
3397,15.11
3398,15.18
3399,15.33
3400,15.28
3401,15.01
3402,15.18
3403,15.33
3404,15.68
3405,16.02
3406,16.18
3407,16.19
3408,15.98
3409,15.99
3410,15.97
3411,15.93
3412,16.01
3413,15.86
3414,15.86
3415,15.79
3416,15.92
3417,15.85
3418,15.84
3419,15.85
3420,15.57
3421,15.36
3422,15.32
3423,15.35
3424,15.27
3425,15.26
3426,15.35
3427,15.31
3428,15.19
3429,15.07
3430,14.54
3431,13.8
3432,13.54
3433,13.54
3434,13.28
3435,13.19
3436,13.1
3437,13.02
3438,12.9
3439,12.8
3440,12.84
3441,12.86
3442,12.73
3443,11.97
3444,11.92
3445,11.96
3446,11.79
3447,11.31
3448,11.36
3449,11.36
3450,11.27
3451,11.23
3452,11.31
3453,11.0
3454,11.32
3455,11.4
3456,11.02
3457,11.04
3458,11.21
3459,10.93
3460,10.99
3461,10.94
3462,10.96
3463,10.9
3464,11.07
3465,11.18
3466,11.14
3467,11.15
3468,10.96
3469,10.78
3470,10.66
3471,10.66
3472,10.51
3473,10.47
3474,10.73
3475,10.71
3476,10.72
3477,10.75
3478,10.77
3479,10.79
3480,10.75
3481,10.81
3482,11.25
3483,11.43
3484,11.31
3485,11.63
3486,11.39
3487,11.31
3488,11.47
3489,11.39
3490,11.23
3491,10.67
3492,10.66
3493,10.81
3494,10.38
3495,10.04
3496,10.56
3497,10.24
3498,10.05
3499,9.97
3500,9.96
3501,9.94
3502,9.81
3503,9.67
3504,9.4
3505,9.17
3506,9.02
3507,9.03
3508,9.18
3509,9.25
3510,9.25
3511,9.23
3512,9.09
3513,9.21
3514,9.35
3515,9.42
3516,9.31
3517,9.31
3518,9.31
3519,9.36
3520,9.45
3521,9.42
3522,9.53
3523,9.51
3524,9.7
3525,9.78
3526,9.76
3527,9.78
3528,9.91
3529,10.22
3530,10.85
3531,10.86
3532,11.23
3533,11.33
3534,11.65
3535,12.08
3536,12.25
3537,12.4
3538,12.32
3539,12.27
3540,12.17
3541,12.17
3542,12.25
3543,12.41
3544,12.58
3545,12.56
3546,12.58
3547,12.66
3548,12.59
3549,12.53
3550,12.48
3551,12.62
3552,12.61
3553,12.6
3554,12.22
3555,12.18
3556,12.35
3557,12.39
3558,12.27
3559,12.15
3560,12.12
3561,12.02
3562,11.97
3563,12.13
3564,11.99
3565,11.96
3566,12.25
3567,12.4
3568,12.45
3569,13.33
3570,13.72
3571,13.78
3572,13.83
3573,13.85
3574,13.84
3575,13.64
3576,13.66
3577,13.61
3578,13.55
3579,13.47
3580,13.46
3581,13.38
3582,12.76
3583,12.6
3584,12.73
3585,12.79
3586,12.76
3587,13.02
3588,12.79
3589,12.77
3590,12.77
3591,12.78
3592,12.83
3593,12.81
3594,13.06
3595,13.34
3596,13.13
3597,13.07
3598,12.88
3599,12.81
3600,12.82
3601,13.2
3602,13.23
3603,13.64
3604,13.58
3605,13.46
3606,13.88
3607,13.88
3608,13.71
3609,13.66
3610,13.77
3611,13.75
3612,13.76
3613,13.83
3614,13.73
3615,13.66
3616,13.69
3617,13.78
3618,13.97
3619,14.61
3620,14.67
3621,15.06
3622,15.21
3623,15.24
3624,15.14
3625,15.22
3626,15.67
3627,15.68
3628,15.61
3629,15.58
3630,15.46
3631,15.56
3632,15.19
3633,15.71
3634,15.41
3635,15.15
3636,15.12
3637,14.92
3638,15.5
3639,15.58
3640,16.1
3641,16.51
3642,16.47
3643,16.36
3644,16.56
3645,16.64
3646,17.12
3647,17.0
3648,17.01
3649,17.12
3650,17.16
3651,17.28
3652,17.54
3653,17.56
3654,17.77
3655,17.72
3656,17.4
3657,17.42
3658,17.66
3659,17.79
3660,17.8
3661,18.06
3662,18.1
3663,18.01
3664,18.13
3665,18.27
3666,18.27
3667,18.68
3668,18.71
3669,17.77
3670,17.64
3671,17.75
3672,17.79
3673,17.87
3674,18.48
3675,19.41
3676,19.41
3677,20.15
3678,20.14
3679,20.13
3680,20.63
3681,20.82
3682,20.84
3683,21.01
3684,20.84
3685,20.4
3686,21.2
3687,20.99
3688,20.91
3689,20.75
3690,20.92
3691,20.89
3692,21.0
3693,21.63
3694,21.65
3695,21.51
3696,21.16
3697,21.22
3698,21.24
3699,21.19
3700,21.35
3701,21.07
3702,21.51
3703,21.48
3704,21.59
3705,21.64
3706,21.42
3707,21.54
3708,21.62
3709,21.67
3710,21.48
3711,21.75
3712,21.89
3713,21.86
3714,21.95
3715,22.03
3716,22.03
3717,22.4
3718,22.26
3719,22.69
3720,22.54
3721,22.14
3722,21.94
3723,22.69
3724,23.18
3725,23.27
3726,22.89
3727,23.15
3728,23.39
3729,23.2
3730,22.7
3731,22.78
3732,22.83
3733,22.62
3734,22.74
3735,22.93
3736,22.79
3737,22.83
3738,22.3
3739,22.27
3740,21.89
3741,21.65
3742,21.75
3743,21.86
3744,21.62
3745,21.59
3746,21.57
3747,21.8
3748,21.82
3749,21.83
3750,21.91
3751,21.86
3752,21.66
3753,21.7
3754,21.96
3755,21.95
3756,22.26
3757,22.51
3758,23.18
3759,23.12
3760,23.27
3761,23.08
3762,23.09
3763,23.39
3764,23.29
3765,23.6
3766,23.43
3767,22.83
3768,22.88
3769,23.23
3770,23.04
3771,22.87
3772,22.96
3773,23.45
3774,22.68
3775,21.9
3776,21.81
3777,21.1
3778,21.1
3779,21.17
3780,20.8
3781,20.62
3782,20.91
3783,20.72
3784,20.78
3785,20.77
3786,20.07
3787,20.02
3788,20.02
3789,20.09
3790,20.05
3791,20.04
3792,20.11
3793,19.54
3794,19.36
3795,19.25
3796,19.4
3797,19.4
3798,19.4
3799,19.92
3800,20.27
3801,20.41
3802,20.25
3803,19.97
3804,19.89
3805,20.6
3806,20.51
3807,20.38
3808,20.33
3809,20.3
3810,20.33
3811,20.09
3812,20.39
3813,20.32
3814,20.37
3815,20.34
3816,20.35
3817,19.88
3818,19.94
3819,18.95
3820,19.01
3821,19.12
3822,19.17
3823,18.47
3824,18.11
3825,18.14
3826,18.03
3827,17.78
3828,17.71
3829,17.6
3830,17.95
3831,17.82
3832,18.0
3833,18.24
3834,18.33
3835,18.17
3836,18.29
3837,18.68
3838,18.59
3839,18.85
3840,19.21
3841,19.68
3842,19.95
3843,19.79
3844,19.68
3845,19.52
3846,19.22
3847,19.09
3848,19.09
3849,18.94
3850,18.82
3851,18.75
3852,18.67
3853,19.02
3854,18.65
3855,18.85
3856,18.86
3857,18.61
3858,17.7
3859,17.8
3860,17.73
3861,17.7
3862,17.86
3863,17.72
3864,17.72
3865,17.31
3866,17.64
3867,17.66
3868,17.55
3869,17.71
3870,17.79
3871,17.83
3872,18.68
3873,18.37
3874,18.23
3875,18.29
3876,18.36
3877,18.39
3878,18.42
3879,18.43
3880,18.33
3881,18.5
3882,18.44
3883,18.48
3884,18.4
3885,18.37
3886,18.39
3887,18.47
3888,18.36
3889,18.28
3890,18.63
3891,18.69
3892,18.55
3893,18.42
3894,18.46
3895,18.78
3896,18.8
3897,18.91
3898,18.88
3899,18.45
3900,18.64
3901,18.42
3902,18.16
3903,18.45
3904,18.66
3905,17.88
3906,17.81
3907,18.34
3908,18.44
3909,18.55
3910,18.51
3911,18.48
3912,18.24
3913,18.4
3914,18.49
3915,18.48
3916,18.54
3917,18.57
3918,18.55
3919,18.52
3920,18.46
3921,18.66
3922,18.71
3923,18.63
3924,18.45
3925,18.53
3926,18.53
3927,18.5
3928,18.71
3929,19.0
3930,18.86
3931,18.83
3932,18.93
3933,18.7
3934,18.48
3935,18.25
3936,18.49
3937,18.19
3938,18.29
3939,18.06
3940,17.71
3941,17.25
3942,17.0
3943,17.19
3944,17.48
3945,17.52
3946,17.38
3947,17.3
3948,17.57
3949,17.63
3950,17.94
3951,17.83
3952,18.08
3953,17.77
3954,17.87
3955,18.54
3956,18.21
3957,18.46
3958,18.41
3959,18.37
3960,18.41
3961,18.51
3962,18.6
3963,18.4
3964,18.5
3965,18.54
3966,18.23
3967,18.4
3968,18.67
3969,18.21
3970,18.17
3971,18.13
3972,17.24
3973,17.26
3974,17.32
3975,17.08
3976,17.28
3977,17.43
3978,17.67
3979,17.86
3980,18.06
3981,17.93
3982,17.69
3983,17.83
3984,18.79
3985,18.87
3986,18.85
3987,18.88
3988,19.05
3989,19.06
3990,18.57
3991,18.47
3992,18.52
3993,18.58
3994,18.48
3995,18.37
3996,18.65
3997,18.46
3998,18.47
3999,18.54
4000,18.06
4001,18.13
4002,18.19
4003,17.76
4004,17.59
4005,17.65
4006,17.65
4007,17.24
4008,17.38
4009,17.22
4010,17.46
4011,17.55
4012,17.72
4013,17.71
4014,17.4
4015,17.36
4016,17.58
4017,18.18
4018,18.15
4019,18.45
4020,18.59
4021,18.42
4022,18.26
4023,19.09
4024,19.21
4025,18.98
4026,18.94
4027,19.27
4028,19.15
4029,18.88
4030,18.81
4031,18.94
4032,18.85
4033,18.63
4034,18.64
4035,18.68
4036,18.46
4037,18.52
4038,18.5
4039,18.66
4040,18.67
4041,18.49
4042,18.32
4043,18.12
4044,17.8
4045,17.82
4046,17.88
4047,17.9
4048,17.54
4049,17.83
4050,17.61
4051,17.66
4052,17.35
4053,17.49
4054,17.62
4055,16.98
4056,17.04
4057,16.81
4058,16.92
4059,16.9
4060,17.3
4061,17.18
4062,16.93
4063,17.23
4064,17.51
4065,17.47
4066,17.37
4067,17.3
4068,17.04
4069,16.98
4070,17.1
4071,17.16
4072,17.15
4073,16.87
4074,16.78
4075,16.93
4076,16.65
4077,17.02
4078,16.75
4079,16.58
4080,16.8
4081,16.76
4082,16.8
4083,16.67
4084,16.35
4085,16.28
4086,16.42
4087,16.43
4088,16.27
4089,16.48
4090,16.58
4091,16.61
4092,16.53
4093,16.43
4094,17.11
4095,16.9
4096,16.79
4097,17.61
4098,17.6
4099,17.44
4100,17.3
4101,17.39
4102,17.85
4103,18.15
4104,18.23
4105,18.48
4106,18.59
4107,18.59
4108,18.4
4109,18.48
4110,18.34
4111,18.31
4112,18.06
4113,17.81
4114,17.81
4115,18.36
4116,18.3
4117,17.65
4118,17.77
4119,17.36
4120,17.73
4121,18.0
4122,18.15
4123,17.35
4124,17.21
4125,17.2
4126,17.21
4127,16.97
4128,16.86
4129,16.87
4130,16.69
4131,16.68
4132,16.64
4133,16.49
4134,16.6
4135,16.83
4136,16.64
4137,16.51
4138,16.69
4139,16.53
4140,16.78
4141,16.78
4142,17.04
4143,17.04
4144,17.11
4145,17.22
4146,17.26
4147,17.32
4148,17.34
4149,17.0
4150,17.62
4151,17.68
4152,17.99
4153,17.82
4154,17.75
4155,19.22
4156,19.37
4157,19.36
4158,19.26
4159,19.22
4160,18.84
4161,18.97
4162,18.87
4163,18.61
4164,18.16
4165,18.14
4166,18.24
4167,18.1
4168,18.04
4169,18.25
4170,18.16
4171,18.16
4172,18.03
4173,18.18
4174,18.27
4175,18.11
4176,18.19
4177,17.94
4178,18.05
4179,18.07
4180,17.96
4181,17.95
4182,18.15
4183,18.51
4184,17.9
4185,17.93
4186,17.8
4187,18.27
4188,18.54
4189,18.56
4190,18.55
4191,19.32
4192,19.25
4193,19.23
4194,18.98
4195,19.18
4196,18.89
4197,18.09
4198,18.39
4199,18.61
4200,19.03
4201,19.75
4202,19.1
4203,19.5
4204,19.77
4205,19.47
4206,19.37
4207,19.41
4208,19.32
4209,19.91
4210,19.95
4211,20.2
4212,20.13
4213,20.47
4214,20.7
4215,20.47
4216,20.43
4217,20.6
4218,20.44
4219,20.5
4220,20.06
4221,19.95
4222,19.91
4223,19.97
4224,20.23
4225,20.23
4226,20.44
4227,20.64
4228,20.61
4229,20.69
4230,20.74
4231,20.61
4232,20.76
4233,20.71
4234,20.96
4235,20.72
4236,20.85
4237,20.93
4238,21.3
4239,21.65
4240,21.32
4241,21.44
4242,21.46
4243,21.46
4244,21.58
4245,21.7
4246,21.69
4247,21.62
4248,21.6
4249,21.66
4250,20.91
4251,20.88
4252,20.59
4253,20.59
4254,20.34
4255,18.71
4256,18.48
4257,18.47
4258,18.48
4259,18.38
4260,18.21
4261,18.07
4262,18.08
4263,18.12
4264,18.12
4265,18.19
4266,18.02
4267,18.04
4268,18.05
4269,17.89
4270,17.86
4271,18.1
4272,18.42
4273,18.28
4274,18.21
4275,18.21
4276,18.21
4277,17.91
4278,18.01
4279,17.98
4280,17.83
4281,17.82
4282,17.65
4283,17.35
4284,17.73
4285,17.69
4286,17.71
4287,17.71
4288,17.44
4289,17.54
4290,17.64
4291,16.93
4292,16.94
4293,17.03
4294,16.57
4295,16.65
4296,16.63
4297,16.82
4298,16.79
4299,16.65
4300,16.38
4301,15.65
4302,16.19
4303,15.74
4304,15.47
4305,15.56
4306,15.99
4307,15.92
4308,16.11
4309,15.46
4310,15.41
4311,15.31
4312,15.35
4313,15.4
4314,15.63
4315,16.0
4316,16.28
4317,16.13
4318,16.15
4319,16.2
4320,16.82
4321,16.64
4322,16.6
4323,16.56
4324,16.33
4325,16.21
4326,16.24
4327,16.01
4328,16.28
4329,16.33
4330,17.65
4331,17.78
4332,17.5
4333,17.56
4334,17.37
4335,17.5
4336,17.59
4337,17.83
4338,17.47
4339,17.2
4340,17.12
4341,16.99
4342,16.71
4343,16.66
4344,16.54
4345,16.29
4346,16.46
4347,16.48
4348,16.56
4349,16.61
4350,17.42
4351,17.38
4352,17.55
4353,17.56
4354,17.66
4355,18.2
4356,18.48
4357,18.52
4358,18.53
4359,18.7
4360,18.69
4361,18.96
4362,19.12
4363,19.63
4364,19.95
4365,20.06
4366,20.34
4367,20.51
4368,20.66
4369,20.69
4370,20.7
4371,20.58
4372,20.43
4373,20.45
4374,20.46
4375,20.53
4376,20.74
4377,20.78
4378,20.7
4379,20.93
4380,20.75
4381,21.02
4382,21.02
4383,21.29
4384,21.16
4385,21.2
4386,21.14
4387,20.93
4388,20.95
4389,20.69
4390,20.68
4391,20.65
4392,20.83
4393,20.81
4394,21.27
4395,20.91
4396,20.86
4397,20.81
4398,20.82
4399,20.74
4400,20.51
4401,20.39
4402,19.98
4403,19.93
4404,20.12
4405,20.15
4406,19.88
4407,20.02
4408,20.23
4409,20.58
4410,20.6
4411,21.4
4412,21.39
4413,21.0
4414,20.65
4415,20.17
4416,19.98
4417,20.12
4418,20.06
4419,20.22
4420,19.88
4421,19.86
4422,20.31
4423,20.46
4424,20.82
4425,20.85
4426,20.64
4427,20.64
4428,20.32
4429,20.29
4430,18.97
4431,18.96
4432,18.88
4433,19.0
4434,18.95
4435,19.09
4436,18.87
4437,18.94
4438,18.74
4439,18.9
4440,18.89
4441,18.88
4442,19.11
4443,19.11
4444,19.18
4445,19.26
4446,19.18
4447,19.38
4448,19.38
4449,19.84
4450,19.17
4451,19.09
4452,18.94
4453,18.89
4454,18.84
4455,18.29
4456,18.13
4457,18.06
4458,18.3
4459,18.31
4460,18.39
4461,18.1
4462,18.05
4463,18.05
4464,17.73
4465,17.9
4466,17.72
4467,17.86
4468,17.67
4469,17.82
4470,17.91
4471,17.76
4472,17.7
4473,17.67
4474,18.15
4475,18.17
4476,18.26
4477,18.58
4478,18.8
4479,18.76
4480,18.95
4481,18.92
4482,19.28
4483,19.68
4484,19.44
4485,19.64
4486,19.56
4487,19.23
4488,19.28
4489,19.36
4490,19.47
4491,19.53
4492,19.41
4493,19.35
4494,20.22
4495,20.3
4496,20.34
4497,20.7
4498,21.11
4499,21.61
4500,21.78
4501,22.32
4502,22.47
4503,22.55
4504,22.33
4505,22.34
4506,22.98
4507,22.89
4508,22.55
4509,22.24
4510,22.62
4511,21.92
4512,21.93
4513,22.14
4514,22.25
4515,22.11
4516,21.93
4517,21.98
4518,22.12
4519,21.85
4520,21.66
4521,21.62
4522,21.8
4523,22.71
4524,22.4
4525,22.72
4526,22.74
4527,22.67
4528,22.8
4529,23.05
4530,23.0
4531,22.98
4532,22.98
4533,22.81
4534,22.78
4535,22.54
4536,22.6
4537,23.06
4538,23.02
4539,23.8
4540,23.97
4541,24.11
4542,24.37
4543,24.54
4544,24.41
4545,24.54
4546,25.0
4547,24.86
4548,24.87
4549,24.6
4550,25.21
4551,25.35
4552,25.5
4553,25.68
4554,25.86
4555,25.91
4556,25.79
4557,25.75
4558,25.64
4559,25.71
4560,25.9
4561,26.43
4562,26.52
4563,25.97
4564,26.44
4565,25.99
4566,25.95
4567,25.62
4568,25.77
4569,25.55
4570,25.53
4571,25.6
4572,25.63
4573,25.65
4574,25.19
4575,25.1
4576,24.82
4577,24.47
4578,24.43
4579,24.16
4580,24.31
4581,24.13
4582,23.76
4583,23.0
4584,23.34
4585,23.22
4586,23.62
4587,23.76
4588,23.73
4589,23.71
4590,23.95
4591,23.85
4592,23.99
4593,23.99
4594,22.77
4595,22.74
4596,22.73
4597,22.41
4598,21.76
4599,21.54
4600,21.37
4601,20.97
4602,21.05
4603,21.01
4604,20.99
4605,20.9
4606,20.17
4607,20.06
4608,20.3
4609,20.25
4610,19.88
4611,20.79
4612,20.67
4613,20.8
4614,20.95
4615,20.89
4616,20.73
4617,20.62
4618,20.85
4619,21.34
4620,21.15
4621,21.25
4622,21.14
4623,20.32
4624,20.44
4625,20.14
4626,20.39
4627,20.83
4628,20.59
4629,20.52
4630,20.68
4631,20.85
4632,20.87
4633,20.89
4634,20.97
4635,21.06
4636,21.22
4637,20.37
4638,20.34
4639,19.3
4640,19.97
4641,20.1
4642,19.95
4643,20.43
4644,20.55
4645,20.92
4646,20.72
4647,20.75
4648,20.84
4649,20.62
4650,20.02
4651,20.15
4652,20.54
4653,20.33
4654,20.58
4655,21.74
4656,21.9
4657,21.89
4658,22.23
4659,22.03
4660,22.49
4661,22.05
4662,21.89
4663,21.92
4664,21.76
4665,22.15
4666,22.37
4667,22.44
4668,22.58
4669,22.59
4670,22.51
4671,22.63
4672,22.64
4673,22.74
4674,22.83
4675,23.14
4676,23.03
4677,23.49
4678,23.31
4679,23.64
4680,23.49
4681,23.57
4682,23.53
4683,23.65
4684,23.44
4685,23.42
4686,23.09
4687,23.11
4688,23.08
4689,23.05
4690,22.86
4691,23.19
4692,23.13
4693,23.41
4694,23.48
4695,23.94
4696,24.13
4697,24.19
4698,24.33
4699,24.25
4700,24.29
4701,24.14
4702,24.45
4703,24.25
4704,24.22
4705,24.21
4706,24.1
4707,24.26
4708,24.05
4709,24.09
4710,24.04
4711,23.28
4712,23.41
4713,23.32
4714,22.96
4715,23.1
4716,23.16
4717,23.09
4718,22.85
4719,22.41
4720,22.59
4721,22.53
4722,21.96
4723,21.76
4724,21.55
4725,21.66
4726,21.35
4727,21.11
4728,21.12
4729,20.9
4730,20.84
4731,21.28
4732,21.41
4733,21.52
4734,21.49
4735,21.43
4736,21.56
4737,22.02
4738,22.43
4739,22.46
4740,21.65
4741,21.98
4742,22.23
4743,21.61
4744,22.28
4745,21.82
4746,21.87
4747,21.73
4748,21.57
4749,21.59
4750,21.56
4751,21.45
4752,20.93
4753,21.0
4754,20.53
4755,19.26
4756,19.34
4757,19.37
4758,19.13
4759,19.18
4760,18.71
4761,18.65
4762,19.2
4763,19.13
4764,18.91
4765,18.84
4766,18.73
4767,18.96
4768,19.49
4769,20.28
4770,20.46
4771,20.39
4772,20.3
4773,20.32
4774,20.39
4775,20.08
4776,20.48
4777,20.32
4778,20.49
4779,20.26
4780,20.06
4781,20.73
4782,20.77
4783,21.0
4784,21.67
4785,21.69
4786,21.74
4787,21.7
4788,21.88
4789,22.54
4790,22.5
4791,22.14
4792,22.06
4793,22.15
4794,22.07
4795,22.03
4796,21.81
4797,21.62
4798,21.72
4799,21.96
4800,22.03
4801,23.53
4802,24.89
4803,25.36
4804,26.05
4805,26.04
4806,26.43
4807,26.43
4808,26.58
4809,26.68
4810,26.82
4811,26.42
4812,26.35
4813,26.68
4814,26.67
4815,26.53
4816,26.66
4817,26.66
4818,27.85
4819,28.81
4820,28.77
4821,28.72
4822,28.79
4823,28.71
4824,28.78
4825,28.85
4826,28.85
4827,28.65
4828,29.02
4829,29.06
4830,29.02
4831,28.31
4832,28.53
4833,28.68
4834,29.62
4835,29.71
4836,30.06
4837,30.51
4838,30.18
4839,30.62
4840,31.42
4841,30.89
4842,30.33
4843,30.6
4844,30.21
4845,30.14
4846,29.68
4847,29.78
4848,29.81
4849,29.69
4850,29.89
4851,30.11
4852,30.81
4853,31.65
4854,32.42
4855,33.2
4856,33.24
4857,33.48
4858,33.24
4859,33.24
4860,33.46
4861,33.59
4862,33.81
4863,34.28
4864,34.71
4865,34.58
4866,34.45
4867,34.29
4868,33.58
4869,32.82
4870,33.02
4871,34.04
4872,34.03
4873,34.37
4874,34.26
4875,34.69
4876,34.79
4877,34.89
4878,34.67
4879,34.98
4880,35.01
4881,34.39
4882,35.03
4883,34.7
4884,34.27
4885,34.18
4886,34.68
4887,35.83
4888,35.7
4889,35.38
4890,35.21
4891,35.22
4892,35.25
4893,34.85
4894,34.94
4895,34.73
4896,34.77
4897,35.06
4898,35.54
4899,35.52
4900,35.82
4901,34.26
4902,32.33
4903,32.57
4904,34.34
4905,34.45
4906,35.19
4907,35.84
4908,35.75
4909,36.14
4910,35.94
4911,36.26
4912,36.23
4913,36.76
4914,37.1
4915,37.13
4916,37.29
4917,37.39
4918,36.43
4919,35.76
4920,36.71
4921,37.26
4922,37.56
4923,37.68
4924,37.73
4925,39.22
4926,39.82
4927,41.52
4928,41.17
4929,41.66
4930,41.77
4931,41.84
4932,41.48
4933,41.37
4934,40.79
4935,40.81
4936,40.36
4937,39.53
4938,39.72
4939,39.29
4940,38.56
4941,38.57
4942,38.62
4943,39.46
4944,39.09
4945,39.04
4946,39.13
4947,39.39
4948,39.43
4949,39.55
4950,39.8
4951,40.5
4952,39.84
4953,39.57
4954,39.11
4955,38.49
4956,38.23
4957,38.23
4958,38.61
4959,38.62
4960,38.71
4961,38.6
4962,37.91
4963,37.45
4964,37.0
4965,37.01
4966,37.07
4967,37.04
4968,37.25
4969,37.7
4970,37.35
4971,36.36
4972,36.51
4973,36.46
4974,36.95
4975,36.7
4976,36.31
4977,35.9
4978,36.24
4979,36.42
4980,36.69
4981,36.56
4982,36.52
4983,36.5
4984,36.16
4985,36.61
4986,36.09
4987,35.0
4988,35.64
4989,35.41
4990,35.64
4991,35.85
4992,36.06
4993,36.17
4994,36.41
4995,36.31
4996,36.69
4997,36.38
4998,35.7
4999,35.78
5000,35.45
5001,35.49
5002,35.56
5003,34.93
5004,32.43
5005,33.32
5006,32.29
5007,31.45
5008,31.66
5009,31.13
5010,31.17
5011,30.8
5012,31.25
5013,30.15
5014,30.24
5015,30.31
5016,30.46
5017,30.42
5018,30.8
5019,30.49
5020,29.4
5021,32.13
5022,32.29
5023,32.67
5024,32.62
5025,31.1
5026,30.51
5027,29.15
5028,29.5
5029,28.97
5030,29.57
5031,29.82
5032,30.28
5033,30.74
5034,30.43
5035,30.35
5036,31.22
5037,31.64
5038,31.43
5039,31.99
5040,32.19
5041,32.52
5042,33.16
5043,32.15
5044,32.79
5045,33.73
5046,34.17
5047,34.09
5048,34.05
5049,34.23
5050,34.21
5051,33.37
5052,33.34
5053,33.01
5054,32.89
5055,33.42
5056,33.48
5057,33.22
5058,32.81
5059,33.45
5060,32.94
5061,33.18
5062,33.15
5063,33.46
5064,33.4
5065,33.33
5066,33.4
5067,33.57
5068,34.36
5069,33.98
5070,33.86
5071,33.69
5072,33.53
5073,33.23
5074,33.07
5075,33.66
5076,33.87
5077,34.74
5078,34.34
5079,33.75
5080,33.72
5081,33.95
5082,33.9
5083,34.21
5084,34.52
5085,34.93
5086,35.26
5087,35.06
5088,34.4
5089,37.52
5090,37.36
5091,37.93
5092,38.36
5093,38.24
5094,38.22
5095,39.07
5096,39.01
5097,39.03
5098,39.43
5099,39.05
5100,39.08
5101,39.5
5102,39.46
5103,39.44
5104,40.29
5105,39.34
5106,39.51
5107,39.59
5108,39.32
5109,39.44
5110,39.76
5111,40.44
5112,41.18
5113,41.78
5114,42.02
5115,42.16
5116,41.95
5117,42.5
5118,43.82
5119,44.34
5120,45.09
5121,42.16
5122,41.85
5123,41.94
5124,42.5
5125,42.43
5126,42.46
5127,42.12
5128,41.74
5129,41.69
5130,42.4
5131,42.53
5132,42.45
5133,42.25
5134,42.26
5135,42.33
5136,42.3
5137,41.8
5138,41.84
5139,41.2
5140,41.16
5141,40.81
5142,40.27
5143,41.07
5144,43.46
5145,42.48
5146,42.53
5147,42.74
5148,42.94
5149,43.0
5150,42.76
5151,42.68
5152,42.98
5153,43.24
5154,43.1
5155,42.62
5156,43.31
5157,44.22
5158,44.67
5159,44.08
5160,44.19
5161,43.96
5162,44.36
5163,44.06
5164,44.09
5165,44.11
5166,44.41
5167,44.73
5168,43.72
5169,43.8
5170,44.22
5171,44.21
5172,44.62
5173,44.97
5174,44.54
5175,43.77
5176,44.76
5177,44.53
5178,44.54
5179,45.2
5180,45.64
5181,45.41
5182,46.75
5183,49.37
5184,49.26
5185,49.81
5186,49.38
5187,50.83
5188,51.01
5189,48.23
5190,48.2
5191,47.49
5192,46.75
5193,47.3
5194,47.05
5195,46.44
5196,46.19
5197,46.31
5198,45.92
5199,45.81
5200,45.98
5201,45.99
5202,45.92
5203,46.17
5204,46.81
5205,47.5
5206,49.14
5207,49.85
5208,49.91
5209,50.31
5210,50.15
5211,49.67
5212,48.9
5213,49.94
5214,49.9
5215,49.84
5216,49.66
5217,49.64
5218,47.61
5219,47.34
5220,46.99
5221,47.02
5222,47.24
5223,47.16
5224,46.56
5225,47.42
5226,47.63
5227,48.22
5228,49.3
5229,49.93
5230,48.65
5231,48.2
5232,48.63
5233,48.28
5234,48.26
5235,48.19
5236,47.27
5237,47.33
5238,47.96
5239,48.41
5240,48.49
5241,49.05
5242,49.33
5243,49.0
5244,46.22
5245,46.28
5246,45.89
5247,45.46
5248,46.17
5249,46.12
5250,45.92
5251,45.85
5252,45.63
5253,45.08
5254,45.65
5255,45.59
5256,45.26
5257,45.38
5258,47.73
5259,48.01
5260,48.33
5261,48.82
5262,48.33
5263,48.29
5264,49.85
5265,49.89
5266,49.75
5267,49.44
5268,49.58
5269,49.88
5270,49.77
5271,49.99
5272,50.46
5273,50.21
5274,50.57
5275,50.74
5276,49.46
5277,49.11
5278,49.63
5279,49.02
5280,48.33
5281,48.32
5282,46.37
5283,43.95
5284,44.02
5285,42.85
5286,42.91
5287,41.48
5288,41.26
5289,40.83
5290,40.65
5291,40.67
5292,40.88
5293,40.59
5294,40.45
5295,40.1
5296,39.98
5297,40.5
5298,40.56
5299,40.72
5300,40.46
5301,40.12
5302,40.23
5303,40.53
5304,39.03
5305,38.29
5306,36.49
5307,35.76
5308,37.78
5309,38.11
5310,38.27
5311,38.69
5312,38.53
5313,38.42
5314,39.23
5315,40.41
5316,40.35
5317,39.94
5318,39.91
5319,39.63
5320,40.39
5321,40.04
5322,39.68
5323,40.4
5324,40.83
5325,40.12
5326,40.6
5327,40.13
5328,39.12
5329,38.6
5330,38.88
5331,39.45
5332,39.3
5333,39.54
5334,39.44
5335,40.58
5336,40.58
5337,41.31
5338,40.58
5339,41.77
5340,41.45
5341,41.35
5342,41.03
5343,40.84
5344,40.62
5345,40.62
5346,40.49
5347,41.6
5348,40.83
5349,40.67
5350,40.77
5351,42.83
5352,42.83
5353,42.92
5354,42.61
5355,42.67
5356,42.98
5357,42.47
5358,39.75
5359,39.58
5360,39.17
5361,38.91
5362,40.17
5363,40.68
5364,39.13
5365,39.07
5366,38.9
5367,38.65
5368,38.83
5369,38.8
5370,38.73
5371,39.06
5372,38.54
5373,38.28
5374,38.09
5375,37.98
5376,37.99
5377,38.82
5378,38.47
5379,38.44
5380,39.25
5381,39.5
5382,40.02
5383,40.14
5384,41.25
5385,41.61
5386,41.87
5387,41.84
5388,41.86
5389,42.25
5390,43.08
5391,45.96
5392,46.57
5393,46.6
5394,46.79
5395,47.16
5396,48.0
5397,47.4
5398,47.7
5399,48.52
5400,48.72
5401,49.18
5402,49.11
5403,48.97
5404,49.12
5405,49.27
5406,49.32
5407,49.44
5408,47.79
5409,47.53
5410,48.18
5411,48.18
5412,48.37
5413,46.97
5414,46.94
5415,46.02
5416,46.89
5417,47.99
5418,48.79
5419,51.49
5420,51.76
5421,51.89
5422,53.14
5423,51.94
5424,51.76
5425,51.94
5426,51.37
5427,51.47
5428,51.87
5429,51.83
5430,53.09
5431,53.64
5432,53.5
5433,53.42
5434,55.99
5435,54.73
5436,55.07
5437,56.35
5438,56.83
5439,55.62
5440,56.07
5441,56.76
5442,56.62
5443,57.09
5444,57.04
5445,57.26
5446,57.29
5447,56.25
5448,56.27
5449,56.43
5450,56.44
5451,54.81
5452,54.72
5453,54.83
5454,54.58
5455,54.43
5456,53.88
5457,53.35
5458,53.28
5459,53.29
5460,53.37
5461,53.37
5462,52.95
5463,52.85
5464,52.97
5465,53.07
5466,52.99
5467,53.53
5468,54.17
5469,54.48
5470,54.95
5471,55.05
5472,55.16
5473,55.16
5474,55.51
5475,56.33
5476,57.35
5477,56.69
5478,56.77
5479,59.2
5480,58.74
5481,58.79
5482,58.74
5483,58.98
5484,57.58
5485,57.22
5486,56.94
5487,56.98
5488,56.98
5489,56.87
5490,56.13
5491,53.8
5492,53.15
5493,53.07
5494,53.06
5495,52.66
5496,52.56
5497,52.9
5498,52.48
5499,52.83
5500,52.79
5501,52.24
5502,52.42
5503,51.96
5504,52.45
5505,52.75
5506,52.64
5507,53.35
5508,53.21
5509,53.7
5510,53.26
5511,55.61
5512,55.23
5513,55.66
5514,54.34
5515,53.96
5516,53.26
5517,53.62
5518,53.05
5519,51.31
5520,50.11
5521,49.94
5522,49.03
5523,49.08
5524,49.09
5525,49.07
5526,49.46
5527,50.6
5528,50.22
5529,50.49
5530,50.46
5531,49.46
5532,51.67
5533,52.0
5534,49.45
5535,49.76
5536,50.48
5537,48.64
5538,48.45
5539,48.56
5540,48.73
5541,47.7
5542,48.75
5543,48.0
5544,48.09
5545,48.03
5546,47.93
5547,47.79
5548,47.76
5549,48.24
5550,48.78
5551,48.29
5552,48.45
5553,48.44
5554,48.95
5555,49.05
5556,50.66
5557,50.66
5558,55.78
5559,55.8
5560,57.51
5561,57.44
5562,56.95
5563,57.72
5564,58.46
5565,59.82
5566,60.99
5567,60.82
5568,61.7
5569,61.42
5570,60.77
5571,60.59
5572,60.92
5573,61.04
5574,63.41
5575,62.87
5576,61.9
5577,65.21
5578,67.3
5579,65.33
5580,66.65
5581,66.43
5582,66.47
5583,65.64
5584,66.24
5585,66.28
5586,66.56
5587,67.68
5588,68.74
5589,69.2
5590,71.47
5591,71.35
5592,71.43
5593,71.61
5594,71.46
5595,72.41
5596,72.04
5597,71.66
5598,72.32
5599,72.01
5600,71.96
5601,72.13
5602,71.92
5603,71.94
5604,71.54
5605,75.06
5606,78.39
5607,77.92
5608,77.97
5609,77.36
5610,77.9
5611,75.24
5612,79.49
5613,79.38
5614,79.98
5615,80.71
5616,82.18
5617,81.0
5618,81.53
5619,83.44
5620,83.69
5621,85.08
5622,84.86
5623,84.8
5624,85.05
5625,84.77
5626,84.94
5627,85.05
5628,86.72
5629,86.99
5630,89.12
5631,89.36
5632,87.85
5633,87.64
5634,87.68
5635,89.52
5636,88.32
5637,88.4
5638,88.1
5639,89.44
5640,91.04
5641,92.8
5642,94.03
5643,97.71
5644,97.89
5645,98.3
5646,99.18
5647,99.33
5648,101.71
