Episode,Time (seconds)
0,6.101342439651489
1,20.315969944000244
2,25.350318908691406
3,27.350586891174316
4,30.37092661857605
5,44.62585711479187
6,63.5450918674469
7,74.82694244384766
8,77.07560729980469
9,78.98862504959106
10,81.527352809906
11,83.33705353736877
12,85.9325819015503
13,88.17079758644104
14,90.3887870311737
15,107.2270860671997
16,114.96251630783081
17,120.92120575904846
18,122.48638248443604
19,124.50842094421387
20,132.30173063278198
21,134.8701512813568
22,143.8532955646515
23,144.93965888023376
24,146.75224137306213
25,149.2475872039795
26,155.18273544311523
27,158.1770374774933
28,164.2849006652832
29,165.44077348709106
30,168.7001531124115
31,169.80074381828308
32,172.38441801071167
33,175.01947164535522
34,176.02227234840393
35,179.6217758655548
36,181.22226905822754
37,182.96389818191528
38,184.62511444091797
39,188.95105862617493
40,192.50579953193665
41,193.49792885780334
42,194.69867277145386
43,196.8314175605774
44,198.8586437702179
45,200.26371455192566
46,201.63320970535278
47,203.6708791255951
48,205.18276596069336
49,207.27965140342712
50,208.89884233474731
51,215.7638280391693
52,221.9207742214203
53,225.87444829940796
54,228.6399426460266
55,234.5052831172943
56,236.4089994430542
57,240.92837810516357
58,249.18699264526367
59,251.648668050766
60,257.1219666004181
61,258.60847067832947
62,261.4268481731415
63,262.9704339504242
64,264.52481269836426
65,273.11983346939087
66,278.8634331226349
67,280.5641758441925
68,282.0434138774872
69,283.3058931827545
70,284.9186999797821
71,286.64911818504333
72,287.6854360103607
73,296.3398778438568
74,303.0668394565582
75,304.44143080711365
76,306.61719155311584
77,313.5237591266632
78,318.25606656074524
79,319.22381615638733
80,324.8778944015503
81,326.3914043903351
82,327.51851892471313
83,329.03895378112793
84,331.5975298881531
85,338.0711646080017
86,340.71777844429016
87,342.1157937049866
88,344.4551558494568
89,346.4169886112213
90,352.1427984237671
91,354.875417470932
92,357.38368916511536
93,369.41325402259827
94,370.95039200782776
95,377.6302833557129
96,380.54226303100586
97,386.1265993118286
98,388.36658811569214
99,401.1751515865326
100,402.64950609207153
101,411.5942142009735
102,416.0066566467285
103,423.82669973373413
104,424.8164038658142
105,432.5474126338959
106,434.9503183364868
107,443.57618856430054
108,447.4732120037079
109,453.04237699508667
110,454.33468222618103
111,456.3727340698242
112,458.39725255966187
113,461.7993161678314
114,468.271767616272
115,473.80928897857666
116,479.7032172679901
117,483.04333996772766
118,487.9105987548828
119,490.522141456604
120,492.56443071365356
121,495.16512417793274
122,497.9398195743561
123,498.979190826416
124,501.48255491256714
125,507.487007856369
126,514.6473004817963
127,516.446102142334
128,521.1718738079071
129,526.3529613018036
130,528.477961063385
131,530.3472023010254
132,532.5689010620117
133,549.9772238731384
134,559.8210046291351
135,564.8587148189545
136,566.6932725906372
137,569.0908329486847
138,570.902859210968
139,579.4494349956512
140,580.901627779007
141,589.8302781581879
142,593.0214450359344
143,595.9527440071106
144,598.287603855133
145,599.8166317939758
146,603.0497992038727
147,604.7625505924225
148,607.3383841514587
149,608.3088846206665
150,609.589136838913
151,612.701149225235
152,615.69966173172
153,629.3104317188263
154,630.803920507431
155,638.8568892478943
156,640.6011736392975
157,643.1254978179932
158,644.6722583770752
159,649.3155872821808
160,651.015344619751
161,651.9735062122345
162,653.3655121326447
163,656.002133846283
164,657.3683924674988
165,658.8370788097382
166,660.2951860427856
167,662.9893074035645
168,664.5912799835205
169,666.3402397632599
170,672.7926156520844
171,675.7513453960419
172,680.3326735496521
173,685.466819524765
174,687.0589776039124
175,688.7274022102356
176,690.1458568572998
177,691.2449975013733
178,695.24884724617
179,696.1126008033752
180,698.0610888004303
181,699.2208302021027
182,699.242901802063
183,699.3566045761108
184,699.3744370937347
185,699.4098334312439
186,699.4420518875122
187,699.4643104076385
188,699.6250948905945
189,699.6475687026978
190,699.7153558731079
191,699.7496092319489
192,699.7722904682159
193,699.8087882995605
194,699.8454225063324
195,699.884847164154
196,699.9536309242249
197,699.9864320755005
198,700.0051484107971
199,700.0246226787567
200,700.0564897060394
201,700.1097867488861
202,700.1334743499756
203,700.1964905261993
204,700.2338662147522
205,700.338677406311
206,700.4481551647186
207,700.4835510253906
208,700.5015385150909
209,700.6745760440826
210,700.736005783081
211,700.7991650104523
212,700.8511066436768
213,700.873601436615
214,700.9462594985962
215,700.9762077331543
216,701.0178046226501
217,701.0594935417175
218,701.0922427177429
219,701.1455528736115
220,701.1987619400024
221,701.2315466403961
222,701.2519347667694
223,701.31955742836
224,701.3425054550171
225,701.3599591255188
226,701.4578151702881
227,701.6108918190002
228,701.701212644577
229,701.7202451229095
230,701.7652473449707
231,701.8244264125824
232,701.8788957595825
233,701.9173460006714
234,701.9546196460724
235,702.0081272125244
236,702.030403137207
237,702.0739560127258
238,702.119081735611
239,702.1464521884918
240,702.1662940979004
241,702.2360055446625
242,702.2597699165344
243,702.4537682533264
244,702.5393888950348
245,702.6000916957855
246,702.6247725486755
247,702.7121317386627
248,702.7886974811554
249,702.8196003437042
250,702.8471801280975
251,702.9021892547607
252,703.1066348552704
253,703.1493935585022
254,703.1963057518005
255,703.2263743877411
256,703.301468372345
257,703.3560914993286
258,703.4340498447418
259,703.4605460166931
260,703.5015230178833
261,703.5618245601654
262,703.6074752807617
263,703.6602408885956
264,703.6989712715149
265,703.7907645702362
266,703.8374907970428
267,703.906120300293
268,703.9487171173096
269,704.002858877182
270,704.0387222766876
271,704.2555701732635
272,704.3169498443604
273,704.3758842945099
274,704.4228625297546
275,704.457986831665
276,704.5206451416016
277,704.5910823345184
278,704.6157836914062
279,704.6478650569916
280,704.6797871589661
281,704.7127223014832
282,704.771954536438
283,704.8634867668152
284,704.9173851013184
285,704.9461357593536
286,704.9708263874054
287,704.9929714202881
288,705.0989472866058
289,705.139527797699
290,705.5510396957397
291,705.5767199993134
292,705.6860756874084
293,705.7498791217804
294,705.7979996204376
295,705.8746025562286
296,705.9406065940857
297,705.9679219722748
298,706.0062024593353
299,706.0585973262787
300,706.1410279273987
301,706.2038252353668
302,706.2892353534698
303,706.3577840328217
304,706.4402556419373
305,706.482595205307
306,706.5070881843567
307,706.5509533882141
308,706.5804841518402
309,706.6030895709991
310,706.6229000091553
311,706.8068425655365
312,706.8399612903595
313,706.9636971950531
314,707.003634929657
315,707.0272195339203
316,707.0567562580109
317,707.1095666885376
318,707.1844148635864
319,707.2599864006042
320,707.4222424030304
321,707.4689996242523
322,707.5209379196167
323,707.5703659057617
324,707.6292154788971
325,707.736221075058
326,707.8071637153625
327,707.839625120163
328,707.8728516101837
329,708.0834350585938
330,708.1439621448517
331,708.2456767559052
332,708.3404040336609
333,708.3708662986755
334,708.3956847190857
335,708.4211423397064
336,708.4887402057648
337,708.5131857395172
338,708.5661375522614
339,708.6275806427002
340,708.6570508480072
341,708.6898934841156
342,708.7221164703369
343,708.7471053600311
344,708.7966411113739
345,708.8507030010223
346,708.900267124176
347,708.9928991794586
348,709.043613910675
349,709.0672876834869
350,709.1183655261993
351,709.2828800678253
352,709.4837000370026
353,709.5154769420624
354,709.6013498306274
355,709.722996711731
356,709.8121314048767
357,709.8818032741547
358,709.9058904647827
359,709.9932100772858
360,710.0190575122833
361,710.0859229564667
362,710.147932767868
363,710.1732037067413
364,710.2463314533234
365,710.3168458938599
366,710.378386259079
367,710.4284069538116
368,710.560525894165
369,710.5922167301178
370,710.7408337593079
371,710.865355014801
372,710.890656709671
373,710.940806388855
374,710.973958492279
375,711.0466794967651
376,711.2288734912872
377,711.5315451622009
378,711.6756446361542
379,711.7025420665741
380,711.7700324058533
381,711.9285657405853
382,711.9939725399017
383,712.1103250980377
384,712.2403247356415
385,712.265097618103
386,712.2981979846954
387,712.3449075222015
388,712.3724944591522
389,712.5500242710114
390,712.6609933376312
391,712.8853666782379
392,713.0752775669098
393,713.1615254878998
394,713.2540094852448
395,713.3922529220581
396,713.4198291301727
397,713.4498655796051
398,713.5039381980896
399,713.5304498672485
400,713.5959782600403
401,713.6371476650238
402,713.7138090133667
403,713.9561252593994
404,714.0312724113464
405,714.0873711109161
406,714.1875183582306
407,714.2437150478363
408,714.275377035141
409,714.5777485370636
410,714.6598019599915
411,714.7537896633148
412,714.8387157917023
413,715.1138806343079
414,715.2940950393677
415,715.3290479183197
416,715.406965970993
417,715.5668427944183
418,715.6320159435272
419,715.7388327121735
420,715.80970287323
421,715.8345909118652
422,715.9505767822266
423,716.037474155426
424,716.1656680107117
425,716.211507320404
426,716.2843894958496
427,716.4362182617188
428,716.4752285480499
429,716.5175888538361
430,716.5576069355011
431,716.6158652305603
432,716.7634201049805
433,716.8125128746033
434,716.8648438453674
435,716.9005260467529
436,717.0075931549072
437,717.035786151886
438,717.0949578285217
439,717.1193900108337
440,717.2306327819824
441,717.2726039886475
442,717.3942549228668
443,717.4920678138733
444,717.5222208499908
445,717.9092168807983
446,717.9767956733704
447,718.00501537323
448,718.0725350379944
449,718.1186153888702
450,718.1609463691711
451,718.2640700340271
452,718.3031237125397
453,718.3762762546539
454,718.4486179351807
455,718.4729175567627
456,718.4991793632507
457,718.526716709137
458,718.5580134391785
459,718.6871657371521
460,718.788631439209
461,718.820652961731
462,718.8595988750458
463,718.9263019561768
464,719.0268230438232
465,719.0551044940948
466,719.3847630023956
467,719.644850730896
468,719.7424750328064
469,719.770989894867
470,720.0348746776581
471,720.1147034168243
472,720.2199409008026
473,720.3959593772888
474,720.4213635921478
475,720.5938947200775
476,720.6899461746216
477,720.7284772396088
478,720.7864842414856
479,720.8112816810608
480,721.0110604763031
481,721.195907831192
482,721.2501885890961
483,721.2938780784607
484,721.3429214954376
485,721.4073090553284
486,721.5234563350677
487,721.6469831466675
488,721.7373955249786
489,721.7779099941254
490,721.8494412899017
491,722.2725102901459
492,722.3336865901947
493,722.4351532459259
494,722.6109778881073
495,722.6717822551727
496,722.7306663990021
497,722.8034484386444
498,722.8584411144257
499,722.8970177173615
500,723.0114614963531
501,723.0742380619049
502,723.1367259025574
503,723.1945288181305
504,723.466020822525
505,723.5148446559906
506,723.7480318546295
507,723.7678277492523
508,723.8502840995789
509,723.8730254173279
510,723.9378755092621
511,724.023187160492
512,724.0714795589447
513,724.2555968761444
514,724.2742810249329
515,724.2918479442596
516,724.3628227710724
517,724.4324622154236
518,724.498055934906
519,724.5823471546173
520,724.599757194519
521,724.6568048000336
522,724.7357747554779
523,724.7741959095001
524,724.9418122768402
525,725.1173393726349
526,725.2333927154541
527,725.4079213142395
528,725.4638798236847
529,725.5692591667175
530,725.6400895118713
531,725.6892826557159
532,725.7620158195496
533,725.7819166183472
534,725.8034484386444
535,725.872358083725
536,725.8985993862152
537,725.933708190918
538,725.9819431304932
539,726.4157371520996
540,726.8528823852539
541,726.9451124668121
542,727.1801736354828
543,727.2215938568115
544,727.2707254886627
545,727.4355707168579
546,727.4597704410553
547,727.4907557964325
548,727.5264573097229
549,727.6955828666687
550,727.8662724494934
551,728.0922920703888
552,728.1150486469269
553,728.19788646698
554,728.314288854599
555,728.3595082759857
556,728.4565794467926
557,728.5377051830292
558,728.6253485679626
559,728.6661131381989
560,728.7469916343689
561,728.7949268817902
562,729.1017556190491
563,729.1337518692017
564,729.2427604198456
565,729.3525235652924
566,729.3921518325806
567,729.4808535575867
568,729.6653714179993
569,729.9229271411896
570,730.0157990455627
571,730.050051689148
572,730.3846290111542
573,730.5128598213196
574,731.0286130905151
575,731.1353492736816
576,731.4295122623444
577,731.7255878448486
578,731.7848439216614
579,731.8903858661652
580,732.0885472297668
581,732.172012090683
582,732.2798852920532
583,732.3316133022308
584,732.4870009422302
585,732.5585341453552
586,732.6530020236969
587,732.7015483379364
588,733.0050802230835
589,733.2855052947998
590,733.3846936225891
591,733.6996147632599
592,733.8810625076294
593,733.9686682224274
594,734.0758554935455
595,734.2342212200165
596,734.2915117740631
597,734.7170095443726
598,734.7514445781708
599,734.8193206787109
600,735.0283920764923
601,735.0722012519836
602,735.1417622566223
603,735.1682689189911
604,735.2370004653931
605,735.2606775760651
606,735.308714389801
607,735.4352097511292
608,735.4670722484589
609,735.5237338542938
610,735.6778328418732
611,735.7945754528046
612,735.8602735996246
613,736.004727602005
614,736.1787402629852
615,736.2488112449646
616,736.2892866134644
617,736.5197665691376
618,736.5408761501312
619,736.7684755325317
620,736.8051476478577
621,736.8229863643646
622,736.9997124671936
623,737.0236814022064
624,737.0407664775848
625,737.2660076618195
626,737.4386827945709
627,738.1381032466888
628,739.5191793441772
629,739.5461897850037
630,739.6774997711182
631,740.0465912818909
632,740.3567969799042
633,740.5091361999512
634,740.8144061565399
635,740.9128699302673
636,740.9647796154022
637,741.1296801567078
638,741.6215062141418
639,741.6606154441833
640,741.7702152729034
641,742.0405740737915
642,742.3717393875122
643,742.5773627758026
644,743.535106420517
645,743.737585067749
646,744.0890214443207
647,744.4588959217072
648,744.6268298625946
649,746.0955781936646
650,746.179398059845
651,746.2527372837067
652,746.755850315094
653,746.8754448890686
654,747.2348208427429
655,747.2593612670898
656,747.3056862354279
657,747.5441389083862
658,747.9149160385132
659,748.107063293457
660,748.1525988578796
661,749.0049440860748
662,749.1918408870697
663,749.5219669342041
664,749.6737723350525
665,749.8609201908112
666,749.9157388210297
667,750.2260634899139
668,750.2442598342896
669,750.3002123832703
670,750.7142114639282
671,750.8660771846771
672,751.0299699306488
673,751.085964679718
674,751.2963466644287
675,751.4434752464294
676,751.5937330722809
677,751.6658065319061
678,751.7058393955231
679,751.8997910022736
680,751.9527359008789
681,752.0418667793274
682,752.0851850509644
683,752.1231360435486
684,752.4603888988495
685,752.6179151535034
686,752.7618346214294
687,753.2189743518829
688,753.3125183582306
689,753.6691107749939
690,753.7615485191345
691,754.3283228874207
692,754.436386346817
693,754.5895915031433
694,754.8378705978394
695,755.0056672096252
696,755.1201128959656
697,755.4964828491211
698,755.5448663234711
699,755.6886603832245
700,755.745151758194
701,755.7882051467896
702,755.8588426113129
703,756.0417265892029
704,756.1106436252594
705,756.4120841026306
706,756.5831813812256
707,756.621908903122
708,757.1604063510895
709,757.5174036026001
710,757.9611866474152
711,758.2442281246185
712,758.3633041381836
713,758.3889846801758
714,758.5060315132141
715,758.6719741821289
716,758.7254457473755
717,758.9814829826355
718,759.0168361663818
719,759.1403052806854
720,759.2287938594818
721,759.2539541721344
722,759.4014914035797
723,759.5008492469788
724,759.6215960979462
725,759.7409408092499
726,759.7600405216217
727,760.0358531475067
728,760.2132890224457
729,760.3146319389343
730,760.4071941375732
731,760.9313242435455
732,761.0355834960938
733,761.0985524654388
734,761.254255771637
735,761.2678894996643
736,761.3887777328491
737,761.4823982715607
738,761.5421054363251
739,761.5833308696747
740,761.6521258354187
741,761.669506072998
742,761.894021987915
743,762.7060225009918
744,762.7271921634674
745,762.7884752750397
746,762.9466903209686
747,762.9846436977386
748,763.0820336341858
749,763.1130924224854
750,763.1589393615723
751,763.348884344101
752,763.4824044704437
753,763.5444962978363
754,763.6182541847229
755,763.6414566040039
756,763.717009305954
757,763.9044897556305
758,764.0685880184174
759,764.152681350708
760,764.6107220649719
761,764.7028224468231
762,764.8079514503479
763,764.8481323719025
764,764.8811810016632
765,765.0621774196625
766,765.1462635993958
767,765.2715339660645
768,765.5805144309998
769,766.0838191509247
770,766.2526135444641
771,766.3507974147797
772,766.5386807918549
773,766.7824463844299
774,767.4534170627594
775,767.6307933330536
776,767.921462059021
777,767.9718821048737
778,769.046511888504
779,769.4424674510956
780,769.6415693759918
781,769.9758307933807
782,770.2961783409119
783,770.4760141372681
784,770.6043994426727
785,770.6615304946899
786,771.1060056686401
787,771.2305874824524
788,771.3737490177155
789,771.5021407604218
790,771.5706698894501
791,771.9029159545898
792,771.9921250343323
793,772.0494422912598
794,772.4170105457306
795,772.7546532154083
796,772.7812175750732
797,773.1052982807159
798,773.4220094680786
799,773.9905829429626
800,775.315393447876
801,775.3788523674011
802,775.546737909317
803,775.7545695304871
804,775.8657178878784
805,775.9183838367462
806,776.5297784805298
807,776.7017850875854
808,777.5243315696716
809,777.6822848320007
810,777.7895669937134
811,777.9995746612549
812,778.5566942691803
813,779.6073877811432
814,781.969244480133
815,782.8180758953094
816,783.0781652927399
817,783.1512179374695
818,783.3990733623505
819,783.4731893539429
820,783.8168745040894
821,783.8990385532379
822,784.5564892292023
823,784.6790881156921
824,784.8498804569244
825,785.2281475067139
826,785.367399930954
827,785.512974023819
828,785.569997549057
829,785.6758139133453
830,785.746913433075
831,785.9765145778656
832,786.1625640392303
833,786.2128369808197
834,786.7913136482239
835,787.1798684597015
836,787.4279432296753
837,787.4532351493835
838,787.8971381187439
839,787.9576933383942
840,788.1782472133636
841,788.2209799289703
842,788.8393590450287
843,789.6014988422394
844,789.8256840705872
845,789.8661005496979
846,790.224814414978
847,790.5076274871826
848,790.5980162620544
849,790.7334401607513
850,791.1105997562408
851,791.4303643703461
852,791.6321837902069
853,791.6563980579376
854,791.828357219696
855,791.8802881240845
856,792.411598443985
857,792.8148369789124
858,792.9039213657379
859,793.7053537368774
860,793.9118416309357
861,794.1499977111816
862,794.6633195877075
863,794.7747972011566
864,794.9816236495972
865,795.3309395313263
866,795.5366904735565
867,795.5862059593201
868,795.6903157234192
869,795.9208836555481
870,796.1740050315857
871,796.4484128952026
872,797.1198127269745
873,797.1636571884155
874,797.6880760192871
875,797.7110221385956
876,797.7888014316559
877,798.0529346466064
878,798.1801946163177
879,798.3199946880341
880,798.5220804214478
881,798.8641736507416
882,799.1036338806152
883,799.1548414230347
884,799.2058236598969
885,799.6984140872955
886,799.7888402938843
887,799.8276431560516
888,799.8945531845093
889,800.2323071956635
890,800.5827252864838
891,800.7186596393585
892,800.8005020618439
893,801.0737206935883
894,801.0982627868652
895,801.8369948863983
896,801.9476888179779
897,802.0132744312286
898,802.1362235546112
899,802.4063773155212
900,802.4213063716888
901,802.4511790275574
902,802.4880211353302
903,802.911191701889
904,802.9965128898621
905,803.0543129444122
906,803.2246549129486
907,803.3448867797852
908,804.2422831058502
909,804.7225213050842
910,804.9223980903625
911,805.0021324157715
912,805.229555606842
913,805.3453438282013
914,805.3896989822388
915,805.9416098594666
916,806.4762051105499
917,806.5955667495728
918,806.7909588813782
919,807.0776011943817
920,807.4181632995605
921,807.4929237365723
922,808.0561923980713
923,808.3235726356506
924,808.5815072059631
925,808.6171638965607
926,809.1055960655212
927,809.1814527511597
928,809.4182991981506
929,809.5405097007751
930,809.5693514347076
931,809.7008647918701
932,809.7209460735321
933,809.9138736724854
934,810.071277141571
935,810.1014626026154
936,810.5155086517334
937,810.7119219303131
938,810.75501537323
939,811.3477227687836
940,811.4995512962341
941,811.8719754219055
942,812.0503766536713
943,812.3382227420807
944,812.6519918441772
945,812.6782577037811
946,813.1290259361267
947,813.7207880020142
948,813.8062853813171
949,814.0866329669952
950,814.1152687072754
951,814.5308268070221
952,815.0988736152649
953,815.2377798557281
954,815.3808512687683
955,815.5532023906708
956,815.6196327209473
957,816.0705168247223
958,816.2768843173981
959,816.4047493934631
960,817.1599431037903
961,817.289404630661
962,817.5388555526733
963,817.5735747814178
964,817.618754863739
965,817.7994334697723
966,817.9094412326813
967,817.9893069267273
968,818.2002952098846
969,818.2534968852997
970,818.8676903247833
971,818.9959545135498
972,819.0489859580994
973,819.2775835990906
974,819.3163142204285
975,819.4051115512848
976,819.7513225078583
977,821.264591217041
978,821.7632756233215
979,821.8113586902618
980,821.8388538360596
981,821.895489692688
982,821.9386043548584
983,822.2851572036743
984,822.6675450801849
985,822.6847887039185
986,822.7295534610748
987,823.0695316791534
988,823.5131916999817
989,823.5771517753601
990,823.7287197113037
991,823.9472870826721
992,824.0526058673859
993,824.6947264671326
994,824.7505102157593
995,824.8354213237762
996,825.1302182674408
997,825.2706279754639
998,825.3963122367859
999,825.4800088405609
1000,825.5016760826111
1001,825.6460931301117
1002,826.053049325943
1003,826.410388469696
1004,826.4459047317505
1005,826.467137336731
1006,826.6392300128937
1007,827.0764179229736
1008,827.734968662262
1009,828.6435425281525
1010,829.015604019165
1011,829.0619113445282
1012,829.3918843269348
1013,829.419075012207
1014,829.5478329658508
1015,830.066728591919
1016,830.4316227436066
1017,830.5049521923065
1018,830.5553963184357
1019,830.5926122665405
1020,830.6165189743042
1021,830.7435963153839
1022,830.8688209056854
1023,830.9456169605255
1024,831.0167329311371
1025,831.1107227802277
1026,831.1856985092163
1027,831.2608330249786
1028,831.3547432422638
1029,831.4716124534607
1030,831.5033700466156
1031,832.3821935653687
1032,832.6120467185974
1033,832.6328792572021
1034,832.9233396053314
1035,833.0622425079346
1036,833.1552639007568
1037,833.2627460956573
1038,833.7134511470795
1039,833.822981595993
1040,834.0795240402222
1041,834.1726472377777
1042,834.2832102775574
1043,834.4967181682587
1044,834.5269732475281
1045,834.587849855423
1046,834.6480896472931
1047,834.8706448078156
1048,834.9651174545288
1049,835.1434972286224
1050,835.2831795215607
1051,835.4032397270203
1052,835.8120493888855
1053,835.8474910259247
1054,836.9100811481476
1055,837.1806561946869
1056,837.3450884819031
1057,837.4663183689117
1058,837.7383239269257
1059,838.1060757637024
1060,838.2196829319
1061,838.3166265487671
1062,838.5012099742889
1063,838.5573678016663
1064,838.688883304596
1065,838.7521736621857
1066,838.7722978591919
1067,839.0484960079193
1068,839.0759479999542
1069,839.1708824634552
1070,839.4426379203796
1071,839.8269135951996
1072,840.0727190971375
1073,840.1483418941498
1074,840.2978579998016
1075,840.378603219986
1076,840.5772242546082
1077,840.7902855873108
1078,840.8601574897766
1079,840.902631521225
1080,841.034797668457
1081,841.1180486679077
1082,841.4554061889648
1083,841.6082837581635
1084,841.7459599971771
1085,841.8329651355743
1086,842.0965931415558
1087,842.920779466629
1088,843.4781429767609
1089,843.5419251918793
1090,843.5891888141632
1091,843.6883707046509
1092,844.0472314357758
1093,844.4202122688293
1094,844.6497597694397
1095,844.8534934520721
1096,844.9001662731171
1097,845.0006704330444
1098,845.0564410686493
1099,845.1788811683655
1100,845.2246389389038
1101,845.4605965614319
1102,845.5845532417297
1103,845.6049661636353
1104,845.9121441841125
1105,846.4155988693237
1106,846.5783176422119
1107,846.6361408233643
1108,846.7136769294739
1109,846.7389447689056
1110,846.7642323970795
1111,846.8040068149567
1112,846.9470994472504
1113,847.1412193775177
1114,847.4989829063416
1115,847.9633831977844
1116,848.0827069282532
1117,848.1405348777771
1118,848.2040157318115
1119,848.448664188385
1120,848.5100433826447
1121,848.7612223625183
1122,849.0684344768524
1123,849.2430744171143
1124,849.3341197967529
1125,849.3867716789246
1126,849.8692018985748
1127,849.9542579650879
1128,850.0481560230255
1129,850.1131861209869
1130,850.6025903224945
1131,850.7476620674133
1132,850.9933977127075
1133,851.1785445213318
1134,851.292242527008
1135,851.449235200882
1136,851.7388370037079
1137,851.8271279335022
1138,852.2205443382263
1139,852.2990548610687
1140,852.4031188488007
1141,852.768723487854
1142,852.8311567306519
1143,852.912520647049
1144,852.9397811889648
1145,852.9944059848785
1146,853.1747267246246
1147,853.4599604606628
1148,853.5414023399353
1149,853.5618977546692
1150,853.6303715705872
1151,853.7810621261597
1152,854.172122001648
1153,854.2341997623444
1154,854.3547739982605
1155,854.4145288467407
1156,854.4817953109741
1157,854.7768578529358
1158,854.832124710083
1159,854.9697299003601
1160,855.4430630207062
1161,855.5005469322205
1162,855.7299218177795
1163,855.7927751541138
1164,855.8123967647552
1165,855.85959815979
1166,856.1538071632385
1167,856.5888724327087
1168,856.8352341651917
1169,857.3101260662079
1170,857.4215652942657
1171,857.6563506126404
1172,857.6888756752014
1173,857.7436952590942
1174,857.8257656097412
1175,858.0855038166046
1176,858.1266906261444
1177,858.1427607536316
1178,858.2122721672058
1179,858.3289415836334
1180,858.5314717292786
1181,858.5901944637299
1182,858.7416002750397
1183,858.9979708194733
1184,859.1934599876404
1185,859.2653188705444
1186,859.4040274620056
1187,859.4840953350067
1188,859.5636465549469
1189,859.6391890048981
1190,859.7843737602234
1191,860.0016767978668
1192,860.1033325195312
1193,860.2127687931061
1194,860.6104683876038
1195,860.6347732543945
1196,860.6841197013855
1197,860.724942445755
1198,860.850919008255
1199,860.9936556816101
1200,861.028258562088
1201,861.0445125102997
1202,861.2979056835175
1203,861.3458054065704
1204,861.3998084068298
1205,861.4483523368835
1206,861.5777621269226
1207,861.6878056526184
1208,861.7950212955475
1209,862.0619702339172
1210,862.1647300720215
1211,862.2487387657166
1212,862.3882148265839
1213,862.4908747673035
1214,862.5990879535675
1215,862.778651714325
1216,863.3288989067078
1217,863.3840527534485
1218,863.4926254749298
1219,864.2202076911926
1220,864.2981069087982
1221,864.3971745967865
1222,865.318852186203
1223,865.3921329975128
1224,865.8494346141815
1225,865.9395658969879
1226,866.3331973552704
1227,866.5925130844116
1228,866.6233570575714
1229,866.7514111995697
1230,866.7878754138947
1231,866.9119815826416
1232,866.9413044452667
1233,867.540079832077
1234,867.5555944442749
1235,867.81968998909
1236,868.0543756484985
1237,868.4513199329376
1238,868.6027281284332
1239,868.7547044754028
1240,869.0484673976898
1241,869.5349066257477
1242,869.6432731151581
1243,869.7194058895111
1244,869.8608634471893
1245,870.069358587265
1246,870.2831625938416
1247,870.3301165103912
1248,870.5087397098541
1249,870.7535071372986
1250,871.0769340991974
1251,871.2084321975708
1252,871.2619998455048
1253,871.3363530635834
1254,871.6476814746857
1255,871.8195087909698
1256,871.8893601894379
1257,872.2333354949951
1258,872.9786658287048
1259,873.2404396533966
1260,873.7645692825317
1261,874.0665571689606
1262,874.345743894577
1263,874.7411887645721
1264,874.8304107189178
1265,875.2458629608154
1266,875.4179036617279
1267,875.5067434310913
1268,876.0622885227203
1269,876.2717356681824
1270,876.4297835826874
1271,876.4745945930481
1272,876.5059404373169
1273,876.5409069061279
1274,876.6631071567535
1275,876.7946825027466
1276,876.9885694980621
1277,877.0351414680481
1278,877.4973273277283
1279,877.6012108325958
1280,877.6192698478699
1281,877.6792387962341
1282,877.7599558830261
1283,877.7896709442139
1284,877.891881942749
1285,878.0817551612854
1286,878.1865234375
1287,878.664763212204
1288,879.2681353092194
1289,879.4606583118439
1290,879.5947253704071
1291,879.667592048645
1292,879.8765313625336
1293,879.9756927490234
1294,880.096328496933
1295,880.137895822525
1296,880.3013353347778
1297,880.3704948425293
1298,880.4016995429993
1299,880.4717447757721
1300,880.4982216358185
1301,880.5986981391907
1302,880.6407127380371
1303,880.7069869041443
1304,880.7952077388763
1305,880.8106210231781
1306,880.8556158542633
1307,880.8913381099701
1308,881.009260892868
1309,881.0246102809906
1310,881.2552497386932
1311,881.2937359809875
1312,881.6483597755432
1313,881.6932570934296
1314,881.9226143360138
1315,882.0018422603607
1316,882.1436350345612
1317,882.3338077068329
1318,882.4164943695068
1319,882.4985802173615
1320,882.5415246486664
1321,882.6549339294434
1322,882.830450296402
1323,882.8950600624084
1324,883.0596659183502
1325,883.219603061676
1326,883.2346477508545
1327,883.5278401374817
1328,883.5587828159332
1329,883.5815351009369
1330,883.7160089015961
1331,883.7443599700928
1332,883.7595505714417
1333,884.046472787857
1334,884.0840435028076
1335,884.2070126533508
1336,884.2385969161987
1337,884.4863514900208
1338,884.5146911144257
1339,884.6473495960236
1340,884.693864107132
1341,884.939507484436
1342,885.143239736557
1343,885.1584854125977
1344,885.3787364959717
1345,885.4045708179474
1346,885.4666607379913
1347,885.6366066932678
1348,885.6959626674652
1349,885.731885433197
1350,885.917818069458
1351,886.2151744365692
1352,886.320276260376
1353,886.3643641471863
1354,886.45507645607
1355,886.4818320274353
1356,886.7399311065674
1357,886.929036617279
1358,886.9723870754242
1359,887.1446354389191
1360,887.3885116577148
1361,887.6024615764618
1362,888.1944968700409
1363,888.2549030780792
1364,888.4425044059753
1365,889.1205251216888
1366,889.6331610679626
1367,889.6622629165649
1368,890.0218505859375
1369,890.5114028453827
1370,890.5593411922455
1371,890.7985792160034
1372,890.901465177536
1373,890.964248418808
1374,891.1821684837341
1375,891.2180044651031
1376,891.3153541088104
1377,891.537425994873
1378,891.6382644176483
1379,892.078887462616
1380,892.5281352996826
1381,892.6153676509857
1382,893.0787425041199
1383,893.4532952308655
1384,894.5562086105347
1385,894.7298018932343
1386,895.085718870163
1387,895.2312774658203
1388,895.3382003307343
1389,895.4361906051636
1390,895.4874639511108
1391,895.7789235115051
1392,895.9105036258698
1393,895.9511332511902
1394,896.1068992614746
1395,896.3418509960175
1396,896.6718366146088
1397,897.2098321914673
1398,897.418999671936
1399,897.6587147712708
1400,897.9941461086273
1401,898.078911781311
1402,898.1426091194153
1403,898.2532649040222
1404,898.3804874420166
1405,898.5400743484497
1406,898.5903608798981
1407,898.6557986736298
1408,898.714656829834
1409,898.7705886363983
1410,898.8284642696381
1411,898.859453201294
1412,898.8790318965912
1413,899.0362966060638
1414,899.1490652561188
1415,899.2535984516144
1416,899.334655046463
1417,899.4064750671387
1418,899.8261964321136
1419,900.060623884201
1420,900.1726438999176
1421,900.2003588676453
1422,900.3978230953217
1423,900.8272559642792
1424,901.0292437076569
1425,901.4061324596405
1426,901.6636159420013
1427,901.8191983699799
1428,901.8348121643066
1429,901.9223518371582
1430,902.2062084674835
1431,902.2283794879913
1432,902.386777639389
1433,902.5115268230438
1434,902.7016134262085
1435,902.8012762069702
1436,903.0034670829773
1437,903.0394694805145
1438,903.1231429576874
1439,903.2177183628082
1440,903.4377536773682
1441,903.6442928314209
1442,903.9273900985718
1443,904.3517410755157
1444,904.5538506507874
1445,904.6599242687225
1446,904.7430300712585
1447,904.9598491191864
1448,905.2692215442657
1449,905.3399486541748
1450,905.3636541366577
1451,905.9427707195282
1452,906.078851222992
1453,906.18337225914
1454,906.2127878665924
1455,906.4444983005524
1456,906.5184450149536
1457,906.812751531601
1458,907.2529184818268
1459,907.2686052322388
1460,908.3212397098541
1461,908.5104343891144
1462,908.7366037368774
1463,909.3865036964417
1464,909.7510251998901
1465,909.9081892967224
1466,910.3379487991333
1467,910.780401468277
1468,910.8627169132233
1469,910.911447763443
1470,910.9977736473083
1471,911.3421876430511
1472,911.3715822696686
1473,911.403621673584
1474,911.4721817970276
1475,911.6383938789368
1476,911.7293984889984
1477,911.7635416984558
1478,911.8822133541107
1479,911.8981170654297
1480,911.9150948524475
1481,912.0404305458069
1482,912.0785663127899
1483,912.1036033630371
1484,912.2245573997498
1485,912.3664917945862
1486,912.798999786377
1487,912.8987638950348
1488,913.0491850376129
1489,913.1087265014648
1490,913.2697923183441
1491,913.3453249931335
1492,913.400194644928
1493,913.59672498703
1494,913.6721456050873
1495,913.7063984870911
1496,913.7713122367859
1497,913.8422636985779
1498,914.2436759471893
1499,914.3646397590637
1500,914.4016768932343
1501,914.5110297203064
1502,914.5347034931183
1503,914.6629300117493
1504,914.7514810562134
1505,914.8451578617096
1506,914.969970703125
1507,914.9904086589813
1508,915.2430438995361
1509,915.3585784435272
1510,915.3844666481018
1511,915.4045634269714
1512,915.6950719356537
1513,915.8232741355896
1514,915.9976849555969
1515,916.1060421466827
1516,916.4654154777527
1517,916.4946196079254
1518,916.7025828361511
1519,916.8220148086548
1520,916.8711295127869
1521,917.2516288757324
1522,917.3428597450256
1523,918.1265342235565
1524,918.2360413074493
1525,918.3316121101379
1526,918.3841087818146
1527,918.6576161384583
1528,918.8536665439606
1529,919.1080319881439
1530,919.2427349090576
1531,919.402517080307
1532,919.460923910141
1533,919.5410318374634
1534,919.8361175060272
1535,919.950896024704
1536,920.9669387340546
1537,921.4828493595123
1538,921.5270571708679
1539,921.6229796409607
1540,921.7025017738342
1541,921.7376666069031
1542,921.7973449230194
1543,921.8723909854889
1544,921.9071943759918
1545,921.9911000728607
1546,922.0828840732574
1547,922.3294196128845
1548,922.6110498905182
1549,922.68781042099
1550,922.8978750705719
1551,923.1504321098328
1552,923.202713727951
1553,923.314964056015
1554,923.4149537086487
1555,923.7048535346985
1556,923.7926321029663
1557,924.0056028366089
1558,924.080007314682
1559,924.4311747550964
1560,924.5580224990845
1561,924.8634324073792
1562,925.5805892944336
1563,926.1372728347778
1564,926.9585952758789
1565,927.7548477649689
1566,927.8542838096619
1567,928.2523844242096
1568,928.9465868473053
1569,930.8531548976898
1570,931.7241866588593
1571,931.8704857826233
1572,932.3575201034546
1573,932.9378538131714
1574,933.35364818573
1575,934.3067181110382
1576,934.9563908576965
1577,935.2027683258057
1578,935.2615265846252
1579,935.931583404541
1580,936.2660090923309
1581,936.9574790000916
1582,937.1152415275574
1583,937.3584630489349
1584,938.1813895702362
1585,938.4909672737122
1586,938.7353384494781
1587,938.962907075882
1588,939.0658195018768
1589,939.2632131576538
1590,939.3505465984344
1591,940.0797276496887
1592,940.2603998184204
1593,940.8462460041046
1594,941.5997304916382
1595,942.5109784603119
1596,942.6221332550049
1597,943.0570080280304
1598,943.4064514636993
1599,943.8256042003632
1600,944.2956926822662
1601,944.5729370117188
1602,944.7272748947144
1603,944.9970908164978
1604,945.1524353027344
1605,945.1970648765564
1606,945.4015514850616
1607,945.5071659088135
1608,945.7305374145508
1609,946.0133879184723
1610,946.1245641708374
1611,946.2024862766266
1612,946.3580939769745
1613,946.8400912284851
1614,947.4292695522308
1615,947.9240145683289
1616,948.0317499637604
1617,948.2411451339722
1618,948.3744442462921
1619,948.8877854347229
1620,948.9099626541138
1621,949.0653018951416
1622,949.1257457733154
1623,949.6485271453857
1624,949.7564227581024
1625,950.0762066841125
1626,950.546647310257
1627,951.6195590496063
1628,951.6841342449188
1629,951.7334315776825
1630,952.2858498096466
1631,952.5251059532166
1632,952.7349488735199
1633,953.0344495773315
1634,953.1274547576904
1635,954.830806016922
1636,954.9124727249146
1637,955.0448796749115
1638,955.708535194397
1639,955.7825467586517
1640,956.4334673881531
1641,956.770560503006
1642,956.805718421936
1643,957.1206161975861
1644,957.749463558197
1645,958.6407678127289
1646,959.0976302623749
1647,959.4400491714478
1648,959.4852657318115
1649,959.9843728542328
1650,960.0869140625
1651,960.1704525947571
1652,960.9436564445496
1653,961.0586152076721
1654,961.1142385005951
1655,961.492689371109
1656,961.5134320259094
1657,962.2052049636841
1658,962.5016868114471
1659,962.5705444812775
1660,962.6099231243134
1661,963.1659226417542
1662,963.3198683261871
1663,963.5424900054932
1664,964.7353329658508
1665,964.7753405570984
1666,965.1130244731903
1667,965.707040309906
1668,965.9787933826447
1669,966.3963589668274
1670,966.6546502113342
1671,966.7980148792267
1672,966.9968092441559
1673,967.6571314334869
1674,967.8934667110443
1675,968.6212587356567
1676,969.359384059906
1677,970.2970142364502
1678,971.1395993232727
1679,971.2824041843414
1680,972.056314945221
1681,972.2289004325867
1682,972.397937297821
1683,972.4581341743469
1684,972.6033654212952
1685,972.6694791316986
1686,972.8621051311493
1687,973.0397384166718
1688,974.0940628051758
1689,974.6166365146637
1690,974.7678647041321
1691,974.928875207901
1692,975.1087083816528
1693,975.1367456912994
1694,975.1998746395111
1695,975.2241127490997
1696,975.5557067394257
1697,976.1007385253906
1698,976.1183176040649
1699,977.582747220993
1700,978.6814646720886
1701,979.0956797599792
1702,979.2670814990997
1703,979.4924342632294
1704,979.5720920562744
1705,981.1640963554382
1706,981.2755663394928
1707,982.9087762832642
1708,983.6730260848999
1709,984.035923242569
1710,984.5031027793884
1711,984.9653944969177
1712,984.9999990463257
1713,985.4991903305054
1714,985.6927602291107
1715,986.2086756229401
1716,986.52312707901
1717,986.6524972915649
1718,986.7057330608368
1719,986.8486177921295
1720,986.9242610931396
1721,987.0116991996765
1722,987.7899587154388
1723,987.873788356781
1724,987.9585158824921
1725,988.382910490036
1726,988.5323343276978
1727,988.8639364242554
1728,988.9094212055206
1729,989.0701069831848
1730,989.4371917247772
1731,989.8138558864594
1732,990.0478343963623
1733,990.2120597362518
1734,990.7655231952667
1735,990.8145604133606
1736,990.8480145931244
1737,991.021989107132
1738,991.3358192443848
1739,991.5153167247772
1740,992.0305013656616
1741,992.2492067813873
1742,992.438462972641
1743,992.4824366569519
1744,994.4760897159576
1745,995.0041913986206
1746,995.08291888237
1747,995.8281672000885
1748,995.8911147117615
1749,995.9798576831818
1750,996.1331598758698
1751,996.2775955200195
1752,996.3614745140076
1753,997.0189256668091
1754,997.4656932353973
1755,997.7474040985107
1756,997.838339805603
1757,997.8761687278748
1758,998.1206858158112
1759,998.2985825538635
1760,998.4463648796082
1761,999.060882806778
1762,999.3192493915558
1763,999.5134501457214
1764,999.6178796291351
1765,1000.6159226894379
1766,1000.8642981052399
1767,1001.033284664154
1768,1001.2212312221527
1769,1001.5205101966858
1770,1001.5697023868561
1771,1001.8962428569794
1772,1002.1414062976837
1773,1002.2113270759583
1774,1002.2369520664215
1775,1002.3800246715546
1776,1002.5338025093079
1777,1003.0016565322876
1778,1003.1255686283112
1779,1003.3870108127594
1780,1004.5591719150543
1781,1004.6221437454224
1782,1004.7164340019226
1783,1005.0736291408539
1784,1005.6461012363434
1785,1005.6957139968872
1786,1005.8070828914642
1787,1006.1213834285736
1788,1007.4892151355743
1789,1007.548632144928
1790,1007.8512778282166
1791,1008.1085546016693
1792,1008.60649061203
1793,1008.7041168212891
1794,1008.8447134494781
1795,1008.9486131668091
1796,1009.279134273529
1797,1009.8056204319
1798,1011.2822940349579
1799,1012.1252377033234
1800,1012.3484215736389
1801,1012.4220983982086
1802,1012.4718096256256
1803,1012.6631453037262
1804,1013.0329954624176
1805,1013.1673114299774
1806,1013.3058032989502
1807,1013.3818686008453
1808,1013.6146023273468
1809,1013.6931509971619
1810,1013.7139184474945
1811,1013.9306955337524
1812,1014.011931180954
1813,1014.0848605632782
1814,1014.1465535163879
1815,1014.3096807003021
1816,1014.433522939682
1817,1014.6077165603638
1818,1014.7894763946533
1819,1014.9845275878906
1820,1015.022878408432
1821,1015.1363592147827
1822,1015.5537524223328
1823,1015.9131577014923
1824,1016.0739204883575
1825,1016.123973608017
1826,1016.2964010238647
1827,1016.5264937877655
1828,1016.552797794342
1829,1016.6869010925293
1830,1016.8949649333954
1831,1017.0789036750793
1832,1017.3891580104828
1833,1017.4923958778381
1834,1017.5564365386963
1835,1017.6325731277466
1836,1017.6584801673889
1837,1017.9451088905334
1838,1017.9884190559387
1839,1018.7732498645782
1840,1019.220894575119
1841,1019.4008514881134
1842,1019.5643274784088
1843,1019.6488149166107
1844,1019.8839101791382
1845,1020.4169890880585
1846,1020.4837763309479
1847,1020.564074754715
1848,1020.8109905719757
1849,1021.237221956253
1850,1024.6240632534027
1851,1025.809879541397
1852,1026.0108969211578
1853,1026.4905219078064
1854,1026.549949645996
1855,1026.731160402298
1856,1027.1153781414032
1857,1027.14990401268
1858,1027.2690134048462
1859,1027.434560060501
1860,1027.459020614624
1861,1028.0978527069092
1862,1028.3851478099823
1863,1028.6099116802216
1864,1029.7173993587494
1865,1030.047021150589
1866,1030.3794515132904
1867,1030.7576196193695
1868,1030.8513910770416
1869,1031.137676000595
1870,1031.4729363918304
1871,1031.906935930252
1872,1032.0664067268372
1873,1032.6452572345734
1874,1032.8429419994354
1875,1033.0519132614136
1876,1033.1038920879364
1877,1033.1602985858917
1878,1033.179538488388
1879,1033.2636406421661
1880,1033.5110425949097
1881,1033.9032678604126
1882,1034.3261625766754
1883,1035.3612537384033
1884,1035.4822952747345
1885,1035.6671981811523
1886,1035.9715344905853
1887,1036.3073191642761
1888,1036.4624161720276
1889,1036.6055598258972
1890,1037.551956653595
1891,1037.633557319641
1892,1038.230605840683
1893,1038.5706906318665
1894,1038.9772560596466
1895,1039.029987335205
1896,1039.4730830192566
1897,1040.3284995555878
1898,1040.7782905101776
1899,1040.8825252056122
1900,1040.972736120224
1901,1041.4690327644348
1902,1041.687216758728
1903,1042.0257122516632
1904,1043.7142128944397
1905,1043.7820918560028
1906,1043.9568538665771
1907,1044.059140920639
1908,1046.2140502929688
1909,1046.4222526550293
1910,1047.5703661441803
1911,1048.2287266254425
1912,1048.3971784114838
1913,1048.4277782440186
1914,1048.4499380588531
1915,1048.7104275226593
1916,1049.2411465644836
1917,1049.6535966396332
1918,1049.7210235595703
1919,1049.7479116916656
1920,1050.0755422115326
1921,1050.2040901184082
1922,1050.5504972934723
1923,1050.634238243103
1924,1051.0537369251251
1925,1052.0868141651154
1926,1052.7097594738007
1927,1052.925066947937
1928,1053.5193185806274
1929,1053.66867685318
1930,1053.7590806484222
1931,1054.3765933513641
1932,1054.7202441692352
1933,1054.7960922718048
1934,1054.868852853775
1935,1054.958931684494
1936,1055.2385277748108
1937,1055.3167951107025
1938,1055.4341206550598
1939,1055.450187921524
1940,1055.4645142555237
1941,1055.4993755817413
1942,1055.7609066963196
1943,1055.8022828102112
1944,1055.8546981811523
1945,1055.9248342514038
1946,1056.1660096645355
1947,1056.2076902389526
1948,1056.2401132583618
1949,1056.4758276939392
1950,1056.9449243545532
1951,1057.1929631233215
1952,1057.6964852809906
1953,1058.1221044063568
1954,1058.3299477100372
1955,1058.6115682125092
1956,1059.1508498191833
1957,1059.6100640296936
1958,1060.1199035644531
1959,1060.1410553455353
1960,1060.4385349750519
1961,1060.522766828537
1962,1061.3200964927673
1963,1061.5850157737732
1964,1061.8148279190063
1965,1061.9534409046173
1966,1062.0788204669952
1967,1062.2529950141907
1968,1062.340247631073
1969,1062.7354354858398
1970,1062.783963918686
1971,1062.8940033912659
1972,1063.0512936115265
1973,1063.8927564620972
1974,1064.1020267009735
1975,1064.4938004016876
1976,1064.8547928333282
1977,1064.9186007976532
1978,1065.0524394512177
1979,1065.4490242004395
1980,1065.5291979312897
1981,1065.5520343780518
1982,1066.1762404441833
1983,1066.2702708244324
1984,1066.6224451065063
1985,1066.668347120285
1986,1067.2613019943237
1987,1067.5521595478058
1988,1067.8171458244324
1989,1068.2858946323395
1990,1069.1465797424316
1991,1069.5177645683289
1992,1069.7372598648071
1993,1069.813989162445
1994,1069.8641076087952
1995,1069.9034268856049
1996,1069.9634351730347
1997,1071.0613543987274
1998,1071.1850788593292
1999,1071.4067583084106
2000,1071.553766489029
2001,1072.029671907425
2002,1072.155029296875
2003,1072.3071348667145
2004,1072.6886570453644
2005,1072.976310491562
2006,1073.3855168819427
2007,1073.6510274410248
2008,1074.2264292240143
2009,1074.366230249405
2010,1074.6135849952698
2011,1075.0336220264435
2012,1076.2074875831604
2013,1076.384046792984
2014,1076.4569025039673
2015,1076.5697293281555
2016,1076.812712430954
2017,1077.4461727142334
2018,1077.6029348373413
2019,1077.694684267044
2020,1077.982738494873
2021,1078.138184785843
2022,1078.6035690307617
2023,1079.0206928253174
2024,1079.0640881061554
2025,1079.8610496520996
2026,1079.9127171039581
2027,1080.0753383636475
2028,1080.479299545288
2029,1080.5830352306366
2030,1080.8495469093323
2031,1081.6927375793457
2032,1082.996864080429
2033,1083.2326283454895
2034,1083.2951259613037
2035,1083.336832523346
2036,1084.020366191864
2037,1084.354219675064
2038,1084.9707837104797
2039,1085.1169679164886
2040,1085.2413454055786
2041,1085.8765156269073
2042,1085.9550726413727
2043,1086.069507598877
2044,1086.2461721897125
2045,1086.3548192977905
2046,1086.3817389011383
2047,1086.840728521347
2048,1087.1946358680725
2049,1087.821991443634
2050,1088.7979226112366
2051,1089.6597468852997
2052,1090.0728931427002
2053,1090.1008427143097
2054,1090.2902691364288
2055,1090.3132536411285
2056,1090.400379896164
2057,1090.6004118919373
2058,1090.6650705337524
2059,1090.7418298721313
2060,1090.7979080677032
2061,1090.881732225418
2062,1090.9053826332092
2063,1091.1675696372986
2064,1091.7384202480316
2065,1092.049173116684
2066,1092.5145518779755
2067,1092.8164002895355
2068,1093.2157907485962
2069,1093.3500270843506
2070,1093.51060962677
2071,1093.861025094986
2072,1094.1771562099457
2073,1094.6098608970642
2074,1094.8688004016876
2075,1095.0556626319885
2076,1095.3961296081543
2077,1095.5916163921356
2078,1095.714548587799
2079,1095.9567656517029
2080,1096.1606798171997
2081,1096.6404240131378
2082,1096.6878395080566
2083,1096.8560535907745
2084,1096.877040863037
2085,1097.403820991516
2086,1097.5262236595154
2087,1097.7387919425964
2088,1097.8865671157837
2089,1097.9463436603546
2090,1098.2310450077057
2091,1098.3498225212097
2092,1099.2937393188477
2093,1099.3385491371155
2094,1099.4770765304565
2095,1099.9330487251282
2096,1100.0740373134613
2097,1100.1238548755646
2098,1100.3315393924713
2099,1100.4511754512787
2100,1100.5093240737915
2101,1101.006136417389
2102,1101.3355638980865
2103,1101.54057431221
2104,1101.61084151268
2105,1101.6552021503448
2106,1101.7276034355164
2107,1101.7716040611267
2108,1101.869351387024
2109,1102.0835630893707
2110,1102.3839461803436
2111,1102.5129823684692
2112,1102.540816783905
2113,1103.1014876365662
2114,1103.6660237312317
2115,1104.1242237091064
2116,1104.2374720573425
2117,1104.3038458824158
2118,1104.543172121048
2119,1104.805160522461
2120,1104.8426563739777
2121,1105.0654101371765
2122,1105.1881330013275
2123,1105.7127847671509
2124,1105.8166227340698
2125,1106.00572681427
2126,1106.0211379528046
2127,1106.8317592144012
2128,1106.9740011692047
2129,1107.0963032245636
2130,1107.7698328495026
2131,1108.2381842136383
2132,1108.412311077118
2133,1108.7781059741974
2134,1109.2284178733826
2135,1109.3353040218353
2136,1109.6161279678345
2137,1109.684298992157
2138,1109.8822090625763
2139,1109.9281332492828
2140,1110.258716583252
2141,1110.425273656845
2142,1110.532926082611
2143,1110.5534093379974
2144,1110.6896464824677
2145,1110.7454464435577
2146,1111.0571835041046
2147,1111.1256730556488
2148,1111.2772953510284
2149,1111.6247961521149
2150,1111.8984792232513
2151,1112.1635048389435
2152,1112.2411444187164
2153,1112.434068441391
2154,1113.329027891159
2155,1114.123931646347
2156,1114.3414793014526
2157,1114.6896324157715
2158,1114.9000470638275
2159,1115.1501059532166
2160,1115.2861330509186
2161,1115.5805525779724
2162,1115.6783621311188
2163,1115.7616519927979
2164,1116.157339811325
2165,1116.1774089336395
2166,1116.5941925048828
2167,1116.676907300949
2168,1117.1404275894165
2169,1117.4824092388153
2170,1117.5035827159882
2171,1117.937044620514
2172,1118.0508720874786
2173,1118.0657217502594
2174,1118.148768901825
2175,1118.1981620788574
2176,1118.2141757011414
2177,1118.4098794460297
2178,1118.7213258743286
2179,1119.2465906143188
2180,1120.1920628547668
2181,1120.2633945941925
2182,1120.3547840118408
2183,1120.57928109169
2184,1120.8328137397766
2185,1121.074539899826
2186,1121.1812958717346
2187,1121.3535933494568
2188,1121.3693401813507
2189,1121.4637479782104
2190,1121.5433237552643
2191,1121.5800890922546
2192,1121.9276034832
2193,1121.9742250442505
2194,1122.526960849762
2195,1123.0607614517212
2196,1123.344854593277
2197,1123.5367925167084
2198,1123.6176347732544
2199,1123.7002549171448
2200,1123.8174540996552
2201,1124.397022485733
2202,1124.5406455993652
2203,1124.636379480362
2204,1124.7354855537415
2205,1124.807853937149
2206,1126.7010867595673
2207,1126.8706240653992
2208,1127.1391150951385
2209,1127.9331192970276
2210,1127.948994398117
2211,1128.0682973861694
2212,1128.5898342132568
2213,1128.648321390152
2214,1128.725418329239
2215,1128.9786140918732
2216,1129.0688514709473
2217,1129.34499335289
2218,1129.4154250621796
2219,1129.5133974552155
2220,1129.759051322937
2221,1129.919847726822
2222,1129.9929342269897
2223,1130.196210861206
2224,1130.298640012741
2225,1130.31978058815
2226,1130.3881092071533
2227,1130.4268698692322
2228,1130.5418190956116
2229,1130.5890674591064
2230,1130.8242030143738
2231,1131.0227725505829
2232,1131.6127617359161
2233,1131.9821600914001
2234,1132.1350228786469
2235,1132.1867599487305
2236,1132.321030139923
2237,1132.568306684494
2238,1132.7927598953247
2239,1132.9502966403961
2240,1133.7564985752106
2241,1134.2220327854156
2242,1134.2852892875671
2243,1134.6711795330048
2244,1136.739739894867
2245,1137.0303344726562
2246,1137.3320617675781
2247,1137.4373245239258
2248,1137.634405374527
2249,1138.3194053173065
2250,1138.3755066394806
2251,1138.398952960968
2252,1138.425350189209
2253,1138.5323457717896
2254,1138.5849599838257
2255,1139.1106612682343
2256,1139.3188452720642
2257,1139.663384437561
2258,1139.9575951099396
2259,1140.075809955597
2260,1140.5925152301788
2261,1140.6079506874084
2262,1140.6558637619019
2263,1140.7368292808533
2264,1140.7546701431274
2265,1141.300743341446
2266,1141.4243383407593
2267,1141.524495124817
2268,1141.685287952423
2269,1142.3457534313202
2270,1142.361228942871
2271,1142.4502489566803
2272,1142.674617767334
2273,1142.9115917682648
2274,1142.9545397758484
2275,1143.1646208763123
2276,1143.2838780879974
2277,1143.4787001609802
2278,1143.7011711597443
2279,1144.8843965530396
2280,1147.343595981598
2281,1148.4255981445312
2282,1148.5156846046448
2283,1148.6024839878082
2284,1149.2661092281342
2285,1149.557908296585
2286,1150.069320678711
2287,1150.516932964325
2288,1150.609941482544
2289,1150.6652626991272
2290,1150.927251815796
2291,1151.3257274627686
2292,1151.4061870574951
2293,1151.5093898773193
2294,1152.2573800086975
2295,1152.5822439193726
2296,1152.6577003002167
2297,1153.4523360729218
2298,1154.3706879615784
2299,1154.9308149814606
2300,1155.458896636963
2301,1155.7848024368286
2302,1156.227480173111
2303,1156.2975883483887
2304,1156.5586688518524
2305,1157.1952450275421
2306,1157.2258841991425
2307,1157.2936990261078
2308,1157.3848805427551
2309,1157.6283814907074
2310,1158.3799629211426
2311,1158.6667175292969
2312,1158.9341897964478
2313,1159.4044680595398
2314,1159.4718458652496
2315,1159.6929535865784
2316,1159.9149889945984
2317,1160.0564134120941
2318,1160.0771701335907
2319,1160.66273021698
2320,1160.8226642608643
2321,1161.4451251029968
2322,1161.5930080413818
2323,1161.6240394115448
2324,1161.678212404251
2325,1162.0740180015564
2326,1162.9793848991394
2327,1163.3380267620087
2328,1163.4648659229279
2329,1164.5098176002502
2330,1164.636318206787
2331,1164.8063855171204
2332,1164.9575953483582
2333,1165.4525756835938
2334,1165.9925439357758
2335,1166.7039761543274
2336,1166.8699882030487
2337,1166.886754989624
2338,1167.4324820041656
2339,1167.6258640289307
2340,1167.813246011734
2341,1168.7044987678528
2342,1168.728523015976
2343,1169.0581939220428
2344,1169.1121129989624
2345,1169.712422132492
2346,1170.5217866897583
2347,1170.9811663627625
2348,1171.0034475326538
2349,1171.9144747257233
2350,1172.012844800949
2351,1172.407603263855
2352,1172.9483585357666
2353,1173.523903131485
2354,1173.6945989131927
2355,1174.1144919395447
2356,1174.2695982456207
2357,1174.3125672340393
2358,1174.3373322486877
2359,1174.7230768203735
2360,1175.168627023697
2361,1175.3548452854156
2362,1175.9436542987823
2363,1176.1012165546417
2364,1176.1866383552551
2365,1176.631441116333
2366,1176.7668220996857
2367,1177.3787472248077
2368,1177.7970361709595
2369,1177.9700241088867
2370,1178.34268450737
2371,1178.419248342514
2372,1179.0294196605682
2373,1179.6118404865265
2374,1179.7669169902802
2375,1179.9260578155518
2376,1180.001457452774
2377,1180.1193611621857
2378,1180.2126355171204
2379,1180.5918982028961
2380,1180.7434499263763
2381,1180.771427154541
2382,1181.0771584510803
2383,1181.3805665969849
2384,1181.416434288025
2385,1181.4775803089142
2386,1181.720754623413
2387,1182.000160932541
2388,1182.0166447162628
2389,1182.1777572631836
2390,1182.4579484462738
2391,1182.956570148468
2392,1183.0138084888458
2393,1183.3395237922668
2394,1183.9210414886475
2395,1184.2785651683807
2396,1184.7491962909698
2397,1185.5483119487762
2398,1185.736790895462
2399,1185.830722808838
2400,1186.0085852146149
2401,1186.0731222629547
2402,1186.1042325496674
2403,1186.1681897640228
2404,1186.2699043750763
2405,1186.3681123256683
2406,1187.0566384792328
2407,1187.7985360622406
2408,1187.919723033905
2409,1188.11545920372
2410,1188.5321383476257
2411,1188.675789117813
2412,1188.8444573879242
2413,1189.8961007595062
2414,1190.3326370716095
2415,1190.4994685649872
2416,1190.5457258224487
2417,1190.615834236145
2418,1190.8554265499115
2419,1190.928058385849
2420,1190.9641246795654
2421,1191.1360538005829
2422,1191.205395936966
2423,1191.5940384864807
2424,1192.3434183597565
2425,1192.6058762073517
2426,1193.006032705307
2427,1194.3164930343628
2428,1194.5195972919464
2429,1195.1854844093323
2430,1195.2701570987701
2431,1195.551931142807
2432,1196.020346879959
2433,1196.061099767685
2434,1196.3359105587006
2435,1196.4448528289795
2436,1196.5682199001312
2437,1196.7467551231384
2438,1197.188065290451
2439,1198.2023236751556
2440,1198.9472789764404
2441,1200.2116250991821
2442,1200.3663582801819
2443,1200.6426086425781
2444,1201.5735156536102
2445,1202.3604247570038
2446,1202.9019346237183
2447,1203.4347832202911
2448,1203.8793320655823
2449,1204.1093399524689
2450,1204.482647895813
2451,1205.4781942367554
2452,1205.6518964767456
2453,1206.189753293991
2454,1206.6947693824768
2455,1207.885395526886
2456,1208.7984335422516
2457,1209.2183017730713
2458,1209.5217339992523
2459,1210.576358795166
2460,1210.965756893158
2461,1211.2277121543884
2462,1211.370941400528
2463,1211.3926680088043
2464,1211.5302336215973
2465,1211.6903240680695
2466,1211.7815942764282
2467,1212.4389078617096
2468,1212.6413774490356
2469,1212.9800412654877
2470,1213.0913898944855
2471,1213.4193937778473
2472,1213.5671575069427
2473,1213.7935180664062
2474,1213.9715645313263
2475,1215.2454159259796
2476,1215.2605941295624
2477,1215.9340016841888
2478,1216.0376057624817
2479,1216.168576002121
2480,1216.8948493003845
2481,1216.9230654239655
2482,1217.0973062515259
2483,1217.5146217346191
2484,1217.5304696559906
2485,1218.3274703025818
2486,1218.476896762848
2487,1219.154004573822
2488,1219.7543091773987
2489,1220.4466183185577
2490,1220.7562041282654
2491,1220.9155552387238
2492,1221.193865776062
2493,1221.2571141719818
2494,1221.4387502670288
2495,1221.8410618305206
2496,1222.5301270484924
2497,1222.7082204818726
2498,1223.1043863296509
2499,1224.0348501205444
2500,1224.475734949112
2501,1224.5264718532562
2502,1225.2364144325256
2503,1225.633372783661
2504,1225.9920907020569
2505,1226.1676051616669
2506,1227.137591123581
2507,1227.1578586101532
2508,1228.5230329036713
2509,1228.8285174369812
2510,1229.6099095344543
2511,1229.6399562358856
2512,1230.3622584342957
2513,1230.9293191432953
2514,1231.2888050079346
2515,1231.7965235710144
2516,1231.9578275680542
2517,1232.5687248706818
2518,1232.6716623306274
2519,1232.8205077648163
2520,1234.0927176475525
2521,1234.7033698558807
2522,1234.8334834575653
2523,1235.658525943756
2524,1235.7084794044495
2525,1236.8823416233063
2526,1236.9522452354431
2527,1237.0676453113556
2528,1237.3947966098785
2529,1237.6742544174194
2530,1238.112517118454
2531,1238.4548728466034
2532,1238.5701010227203
2533,1238.7030639648438
2534,1238.8978900909424
2535,1240.969990491867
2536,1241.2662596702576
2537,1243.462749004364
2538,1243.7237288951874
2539,1244.1125061511993
2540,1244.166579246521
2541,1244.3468160629272
2542,1244.4094488620758
2543,1244.4955410957336
2544,1244.8845632076263
2545,1244.929502248764
2546,1244.948144197464
2547,1245.2092335224152
2548,1245.6193990707397
2549,1246.0834956169128
2550,1246.2242386341095
2551,1246.2683684825897
2552,1246.533521413803
2553,1246.5912292003632
2554,1247.111290216446
2555,1247.4695498943329
2556,1248.0053629875183
2557,1248.4992861747742
2558,1248.7038924694061
2559,1249.3530900478363
2560,1250.186246395111
2561,1250.394437789917
2562,1251.279175043106
2563,1251.3761456012726
2564,1252.0997195243835
2565,1252.1502270698547
2566,1252.8003652095795
2567,1253.2739367485046
2568,1255.2904131412506
2569,1256.4712228775024
2570,1257.6274802684784
2571,1257.6505823135376
2572,1257.783391237259
2573,1258.3593759536743
2574,1258.423802614212
2575,1258.6186780929565
2576,1259.3444638252258
2577,1259.7631924152374
2578,1259.8502604961395
2579,1260.0477895736694
2580,1260.0712447166443
2581,1260.5009458065033
2582,1261.3001325130463
2583,1261.8492155075073
2584,1261.9057190418243
2585,1262.1102509498596
2586,1262.4325387477875
2587,1262.5980281829834
2588,1263.281077861786
2589,1263.7906653881073
2590,1264.0116314888
2591,1264.2196626663208
2592,1264.3687012195587
2593,1264.5210013389587
2594,1264.6867113113403
2595,1265.025845527649
2596,1265.410438299179
2597,1265.7306141853333
2598,1266.1167669296265
2599,1266.2249891757965
2600,1266.2578701972961
2601,1266.4622964859009
2602,1266.7405376434326
2603,1266.8018264770508
2604,1267.3916990756989
2605,1267.4318385124207
2606,1267.5092668533325
2607,1267.7749531269073
2608,1268.012600660324
2609,1268.6958553791046
2610,1269.03493642807
2611,1269.1800878047943
2612,1269.335735797882
2613,1269.3831453323364
2614,1269.60840010643
2615,1269.6472747325897
2616,1269.6686086654663
2617,1269.7055308818817
2618,1269.8736221790314
2619,1270.3975820541382
2620,1270.437791109085
2621,1271.896743297577
2622,1271.9948420524597
2623,1272.2775535583496
2624,1272.739589214325
2625,1272.7862207889557
2626,1273.0401167869568
2627,1273.3882236480713
2628,1274.1562809944153
2629,1274.7330541610718
2630,1274.7861440181732
2631,1275.420386314392
2632,1276.243634223938
2633,1276.4400951862335
2634,1276.4706864356995
2635,1276.698655128479
2636,1276.7924621105194
2637,1277.1251289844513
2638,1277.150230884552
2639,1277.218010187149
2640,1277.3692395687103
2641,1277.9720232486725
2642,1278.9344325065613
2643,1279.192673921585
2644,1279.2314689159393
2645,1279.3041756153107
2646,1279.378348350525
2647,1279.6310229301453
2648,1279.8179490566254
2649,1280.2717344760895
2650,1280.9670045375824
2651,1281.3912990093231
2652,1281.5146582126617
2653,1281.966970205307
2654,1282.2052793502808
2655,1282.2923810482025
2656,1283.323307275772
2657,1283.7427604198456
2658,1285.0339512825012
2659,1285.5525741577148
2660,1286.0942239761353
2661,1286.544492483139
2662,1286.666736125946
2663,1286.7848589420319
2664,1286.9967994689941
2665,1287.342563867569
2666,1289.623303413391
2667,1290.050074338913
2668,1290.281661748886
2669,1290.9102840423584
2670,1291.9364335536957
2671,1292.3458321094513
2672,1292.5073058605194
2673,1294.0491888523102
2674,1294.0740959644318
2675,1294.2008550167084
2676,1294.3477792739868
2677,1294.6094689369202
2678,1295.1485068798065
2679,1296.3401300907135
2680,1296.5613596439362
2681,1297.0110971927643
2682,1297.0685725212097
2683,1297.3705644607544
2684,1297.706979751587
2685,1299.1356692314148
2686,1301.986079454422
2687,1303.0996825695038
2688,1303.5996329784393
2689,1304.299209356308
2690,1304.3937275409698
2691,1305.2086205482483
2692,1305.3365185260773
2693,1306.0494184494019
2694,1307.442939043045
2695,1307.5106146335602
2696,1307.723300933838
2697,1308.2427418231964
2698,1308.2712671756744
2699,1308.693928718567
2700,1309.2695705890656
2701,1310.2205543518066
2702,1311.0394151210785
2703,1311.664485692978
2704,1312.3390717506409
2705,1312.4571225643158
2706,1315.5376870632172
2707,1317.7829954624176
2708,1319.2960505485535
2709,1320.5624816417694
2710,1320.9366290569305
2711,1321.097924232483
2712,1321.3459601402283
2713,1321.4802920818329
2714,1323.0481326580048
2715,1323.9412920475006
2716,1324.2327291965485
2717,1324.4516081809998
2718,1324.573576927185
2719,1324.7547888755798
2720,1324.814215183258
2721,1325.335120677948
2722,1325.9738125801086
2723,1326.6433374881744
2724,1329.0204448699951
2725,1329.2624485492706
2726,1332.5986800193787
2727,1334.3845574855804
2728,1335.6363224983215
2729,1336.551603794098
2730,1336.8468062877655
2731,1338.5011076927185
2732,1339.3341701030731
2733,1339.8095619678497
2734,1340.4031710624695
2735,1340.6384518146515
2736,1342.6905345916748
2737,1344.0122394561768
2738,1344.3883259296417
2739,1344.672973394394
2740,1344.75421667099
2741,1344.891782283783
2742,1345.407804965973
2743,1345.511970281601
2744,1345.95325756073
2745,1346.9500286579132
2746,1347.424728155136
2747,1347.5639100074768
2748,1347.673491716385
2749,1347.9188764095306
2750,1347.9825313091278
2751,1348.1089680194855
2752,1350.2273964881897
2753,1350.2482986450195
2754,1350.4558997154236
2755,1351.0392906665802
2756,1351.8253304958344
2757,1352.184107542038
2758,1353.1123127937317
2759,1353.3514506816864
2760,1353.4715530872345
2761,1353.6342384815216
2762,1353.6983122825623
2763,1353.7347548007965
2764,1353.8412263393402
2765,1354.122098684311
2766,1354.1430416107178
2767,1354.2073934078217
2768,1354.3601379394531
2769,1354.50160074234
2770,1354.5469551086426
2771,1354.863226890564
2772,1354.9156956672668
2773,1355.1131315231323
2774,1355.18142080307
2775,1355.350448846817
2776,1355.4635140895844
2777,1355.854798078537
2778,1356.0208101272583
2779,1356.1659438610077
2780,1356.2118763923645
2781,1356.8118743896484
2782,1356.8505446910858
2783,1357.0613629817963
2784,1357.1980216503143
2785,1357.308616399765
2786,1357.3538370132446
2787,1357.4579763412476
2788,1357.6546618938446
2789,1357.6751201152802
2790,1357.769421339035
2791,1357.8417279720306
2792,1358.2683420181274
2793,1358.3621957302094
2794,1358.4185593128204
2795,1358.5119428634644
2796,1358.5691237449646
2797,1358.6106708049774
2798,1358.6868352890015
2799,1358.7438070774078
2800,1358.8990800380707
2801,1359.0687592029572
2802,1359.4025490283966
2803,1359.9014489650726
2804,1360.847464799881
2805,1361.1392886638641
2806,1362.2323310375214
2807,1362.2998411655426
2808,1362.4512548446655
2809,1362.6340923309326
2810,1362.8437626361847
2811,1362.900604724884
2812,1363.4481375217438
2813,1363.713692188263
2814,1364.0784397125244
2815,1364.4186685085297
2816,1364.5687911510468
2817,1364.8179454803467
2818,1364.9334213733673
2819,1365.2492311000824
2820,1365.5795307159424
2821,1365.9080963134766
2822,1366.3095021247864
2823,1366.3768181800842
2824,1366.4062016010284
2825,1366.5109384059906
2826,1367.0857510566711
2827,1368.1426587104797
2828,1368.410863161087
2829,1368.650113105774
2830,1369.1091527938843
2831,1369.1764628887177
2832,1369.305552482605
2833,1369.4800024032593
2834,1369.7358899116516
2835,1370.2610833644867
2836,1370.490725517273
2837,1370.9969685077667
2838,1371.238128900528
2839,1371.3228046894073
2840,1372.9765632152557
2841,1373.0660264492035
2842,1373.1037209033966
2843,1373.3370461463928
2844,1373.467530965805
2845,1374.0377597808838
2846,1376.1741273403168
2847,1376.4382281303406
2848,1377.3646657466888
2849,1378.6458940505981
2850,1378.7462348937988
2851,1379.3247773647308
2852,1379.4280424118042
2853,1379.5608532428741
2854,1380.6156239509583
2855,1380.9873583316803
2856,1381.1284680366516
2857,1381.2792162895203
2858,1381.5590283870697
2859,1381.871371269226
2860,1382.7476379871368
2861,1382.863659620285
2862,1383.9442784786224
2863,1385.3108274936676
2864,1386.0238134860992
2865,1386.448154449463
2866,1387.6493010520935
2867,1388.274982213974
2868,1388.523282289505
2869,1389.0149648189545
2870,1390.3109078407288
2871,1390.494594335556
2872,1390.8652095794678
2873,1391.97416305542
2874,1392.1445696353912
2875,1393.9891805648804
2876,1394.0119185447693
2877,1394.2400314807892
2878,1394.7047245502472
2879,1395.1646642684937
2880,1395.7026603221893
2881,1395.9170854091644
2882,1396.0845940113068
2883,1396.2646424770355
2884,1396.4948720932007
2885,1396.5452015399933
2886,1396.9650657176971
2887,1397.1316120624542
2888,1397.165199995041
2889,1397.5680916309357
2890,1397.8073117733002
2891,1397.9334602355957
2892,1398.9105243682861
2893,1401.3132486343384
2894,1402.5507559776306
2895,1402.7777314186096
2896,1403.6888582706451
2897,1404.0344278812408
2898,1404.4369251728058
2899,1404.5059292316437
2900,1405.70889544487
2901,1406.093359708786
2902,1407.3030269145966
2903,1407.9411108493805
2904,1408.8175058364868
2905,1409.5153622627258
2906,1409.8847000598907
2907,1411.1426529884338
2908,1412.1307864189148
2909,1415.4424986839294
2910,1416.419749736786
2911,1416.5008590221405
2912,1416.5802597999573
2913,1416.6507427692413
2914,1416.7008516788483
2915,1417.5317244529724
2916,1417.8788130283356
2917,1417.9933116436005
2918,1418.362729549408
2919,1418.5592494010925
2920,1418.8621952533722
2921,1419.738501548767
2922,1419.8258655071259
2923,1419.9668323993683
2924,1420.3370020389557
2925,1420.6173224449158
2926,1420.687916278839
2927,1421.0002934932709
2928,1421.0158081054688
2929,1421.4716939926147
2930,1422.0678861141205
2931,1423.1823081970215
2932,1423.6642751693726
2933,1423.7204649448395
2934,1423.8238990306854
2935,1424.1088948249817
2936,1424.4919936656952
2937,1424.912790775299
2938,1425.0340449810028
2939,1425.4635212421417
2940,1425.5033905506134
2941,1425.5386428833008
2942,1425.616638660431
2943,1425.8512539863586
2944,1425.9760947227478
2945,1426.2896456718445
2946,1426.5853621959686
2947,1426.6594822406769
2948,1427.3869898319244
2949,1428.128600358963
2950,1428.3888521194458
2951,1428.5620410442352
2952,1429.294780254364
2953,1429.778281211853
2954,1429.9653017520905
2955,1430.07767868042
2956,1432.0868220329285
2957,1432.639684677124
2958,1433.4951493740082
2959,1433.8967065811157
2960,1434.45672249794
2961,1435.0050308704376
2962,1435.4533760547638
2963,1436.1195483207703
2964,1436.7232010364532
2965,1437.2084336280823
2966,1437.256353855133
2967,1437.9631915092468
2968,1439.3187334537506
2969,1439.5798404216766
2970,1439.597588300705
2971,1439.626960992813
2972,1440.3089530467987
2973,1440.3382835388184
2974,1440.9508202075958
2975,1441.27822971344
2976,1442.5855734348297
2977,1442.6101274490356
2978,1442.6253640651703
2979,1443.5838534832
2980,1444.3950686454773
2981,1444.5218403339386
2982,1444.6459469795227
2983,1445.070881843567
2984,1445.2752957344055
2985,1445.2932901382446
2986,1445.775735616684
2987,1446.5097124576569
2988,1446.5898859500885
2989,1449.0398139953613
2990,1449.6850171089172
2991,1449.7124228477478
2992,1450.8045058250427
2993,1450.8676879405975
2994,1451.4730694293976
2995,1451.6421253681183
2996,1451.7273662090302
2997,1452.4857125282288
2998,1454.1329617500305
2999,1455.2473134994507
3000,1455.4649295806885
3001,1455.7250356674194
3002,1455.7821998596191
3003,1456.426167011261
3004,1459.8287422657013
3005,1462.1984791755676
3006,1463.9596769809723
3007,1464.8902156352997
3008,1467.993742465973
3009,1468.5845096111298
3010,1469.4255366325378
3011,1469.7991755008698
3012,1469.8487582206726
3013,1472.843762397766
3014,1473.743644475937
3015,1474.3078243732452
3016,1474.9217276573181
3017,1475.3491179943085
3018,1476.613959312439
3019,1477.1415600776672
3020,1478.066602230072
3021,1481.0793895721436
3022,1481.787540435791
3023,1482.398066997528
3024,1482.6660060882568
3025,1482.6821448802948
3026,1483.049064397812
3027,1485.4150676727295
3028,1487.3463521003723
3029,1488.2862522602081
3030,1488.5091083049774
3031,1491.0372154712677
3032,1491.9858384132385
3033,1492.6136021614075
3034,1494.6523423194885
3035,1495.7139415740967
3036,1497.0760176181793
3037,1498.7051355838776
3038,1499.1569797992706
3039,1499.541318655014
3040,1501.6104888916016
3041,1501.731355190277
3042,1501.9463646411896
3043,1502.473478794098
3044,1502.629007101059
3045,1503.1071610450745
3046,1503.1836602687836
3047,1505.29478764534
3048,1506.2967503070831
3049,1509.5872900485992
3050,1509.6786661148071
3051,1510.6254057884216
3052,1511.0978116989136
3053,1513.4547259807587
3054,1514.1754446029663
3055,1514.3301417827606
3056,1514.7500121593475
3057,1514.8377459049225
3058,1515.4966464042664
3059,1515.5655076503754
3060,1516.843400478363
3061,1518.125500202179
3062,1519.2427339553833
3063,1520.8117661476135
3064,1520.8653903007507
3065,1521.9549779891968
3066,1522.1565582752228
3067,1522.3437867164612
3068,1522.6461162567139
3069,1525.1200151443481
3070,1526.03262257576
3071,1526.34645986557
3072,1526.6338620185852
3073,1527.6597287654877
3074,1532.6154963970184
3075,1533.3424878120422
3076,1534.2104530334473
3077,1534.7003393173218
3078,1535.3774621486664
3079,1535.3963131904602
3080,1535.6674056053162
3081,1537.5319786071777
3082,1538.3229622840881
3083,1538.8252892494202
3084,1540.993569612503
3085,1541.6788656711578
3086,1542.3090019226074
3087,1543.035140991211
3088,1548.0287866592407
3089,1548.746949672699
3090,1549.3998324871063
3091,1549.9549889564514
3092,1550.065217256546
3093,1550.4416117668152
3094,1550.740808725357
3095,1550.761557817459
3096,1551.521231174469
3097,1551.94171833992
3098,1552.8985395431519
3099,1553.1175091266632
3100,1553.526703596115
3101,1553.6005544662476
3102,1553.669834136963
3103,1553.7195978164673
3104,1554.1216049194336
3105,1555.1652483940125
3106,1555.299152135849
3107,1556.1465952396393
3108,1556.3288111686707
3109,1557.8011014461517
3110,1558.767813205719
3111,1559.5223484039307
3112,1560.485823392868
3113,1561.1091389656067
3114,1561.5627086162567
3115,1562.0314784049988
3116,1562.072731256485
3117,1563.0806510448456
3118,1563.645239830017
3119,1563.9535729885101
3120,1564.584979057312
3121,1565.3699219226837
3122,1565.840526342392
3123,1565.926167011261
3124,1566.239069700241
3125,1566.6753549575806
3126,1566.9864029884338
3127,1568.1130352020264
3128,1568.2939183712006
3129,1568.3879480361938
3130,1569.9261362552643
3131,1570.1145932674408
3132,1571.0392990112305
3133,1571.676518201828
3134,1571.8633978366852
3135,1571.9138476848602
3136,1572.3667364120483
3137,1572.423645734787
3138,1573.972280740738
3139,1575.0799322128296
3140,1575.5466458797455
3141,1579.2765753269196
3142,1580.8614151477814
3143,1582.1210939884186
3144,1582.5941936969757
3145,1586.6681966781616
3146,1586.9954771995544
3147,1587.6313076019287
3148,1587.7446503639221
3149,1587.7874774932861
3150,1590.0965633392334
3151,1592.0008449554443
3152,1594.287204504013
3153,1595.4489545822144
3154,1595.933759689331
3155,1596.1390862464905
3156,1596.3872320652008
3157,1599.2220237255096
3158,1600.1527037620544
3159,1600.6828961372375
3160,1602.4953782558441
3161,1604.0905270576477
3162,1605.5851497650146
3163,1605.8521621227264
3164,1606.3485646247864
3165,1607.1786868572235
3166,1611.0445811748505
3167,1614.0570664405823
3168,1615.4837114810944
3169,1615.952321767807
3170,1616.3544023036957
3171,1616.4813871383667
3172,1617.0781333446503
3173,1617.643886089325
3174,1619.4465508460999
3175,1623.0089004039764
3176,1623.5840826034546
3177,1624.4961478710175
3178,1625.5591299533844
3179,1626.49973154068
3180,1627.1580975055695
3181,1628.2480940818787
3182,1628.4057912826538
3183,1628.4738488197327
3184,1628.992458820343
3185,1630.428555727005
3186,1632.3363180160522
3187,1634.7082123756409
3188,1635.2404928207397
3189,1636.3059792518616
3190,1637.0414662361145
3191,1638.466733455658
3192,1638.949567079544
3193,1639.1870386600494
3194,1639.5642936229706
3195,1639.7867217063904
3196,1640.5057713985443
3197,1641.1552510261536
3198,1641.9361381530762
3199,1642.225848197937
3200,1643.9090626239777
3201,1644.241234779358
3202,1645.3654007911682
3203,1646.5329189300537
3204,1646.7534263134003
3205,1647.227352142334
3206,1648.3296115398407
3207,1648.7066133022308
3208,1648.8591883182526
3209,1649.8396909236908
3210,1652.1970098018646
3211,1652.7617287635803
3212,1652.858956336975
3213,1653.6188795566559
3214,1654.0281717777252
3215,1654.7898879051208
3216,1657.9898009300232
3217,1658.3035531044006
3218,1658.4040381908417
3219,1659.0425724983215
3220,1659.399560213089
3221,1660.9867055416107
3222,1661.0108036994934
3223,1661.0961158275604
3224,1665.9338476657867
3225,1668.8465933799744
3226,1671.3107390403748
3227,1672.9307827949524
3228,1675.4624032974243
3229,1676.1568100452423
3230,1678.0556678771973
3231,1678.1216700077057
3232,1679.8609936237335
3233,1680.1242716312408
3234,1680.526526927948
3235,1680.6003623008728
3236,1683.418889284134
3237,1688.7822272777557
3238,1690.4392359256744
3239,1691.052531003952
3240,1691.7963852882385
3241,1693.1960091590881
3242,1694.9930725097656
3243,1695.3952958583832
3244,1696.869137763977
3245,1697.4758079051971
3246,1699.51011800766
3247,1699.975144147873
3248,1703.538225889206
3249,1703.5612070560455
3250,1704.6707310676575
3251,1705.3588440418243
3252,1706.084061384201
3253,1706.326028585434
3254,1707.7636742591858
3255,1709.5131134986877
3256,1709.9352538585663
3257,1713.6560287475586
3258,1714.6516938209534
3259,1714.8927104473114
3260,1715.699303150177
3261,1715.7966148853302
3262,1716.287615776062
3263,1716.744154214859
3264,1717.5011677742004
3265,1718.102489233017
3266,1718.4648237228394
3267,1718.7525157928467
3268,1718.7721064090729
3269,1720.2675740718842
3270,1722.6421520709991
3271,1722.99147439003
3272,1723.2812948226929
3273,1723.4219682216644
3274,1723.675712108612
3275,1724.3105430603027
3276,1724.4279861450195
3277,1725.113879442215
3278,1725.399284362793
3279,1725.5904183387756
3280,1726.081740140915
3281,1727.0947787761688
3282,1727.8499801158905
3283,1727.870052099228
3284,1727.921438217163
3285,1729.1314280033112
3286,1729.4070646762848
3287,1729.7108829021454
3288,1729.8201467990875
3289,1730.14577627182
3290,1730.6362783908844
3291,1732.1319725513458
3292,1732.245857000351
3293,1733.4455728530884
3294,1735.9912793636322
3295,1736.9318549633026
3296,1737.2774214744568
3297,1738.4614188671112
3298,1738.5829253196716
3299,1741.0155313014984
3300,1741.1302318572998
3301,1742.7808635234833
3302,1743.7696115970612
3303,1744.718458890915
3304,1744.9498612880707
3305,1746.4687929153442
3306,1746.6345176696777
3307,1748.2048580646515
3308,1748.4368932247162
3309,1752.5565671920776
3310,1752.6979866027832
3311,1753.479330778122
3312,1755.54421377182
3313,1757.0182542800903
3314,1758.1313457489014
3315,1758.526825428009
3316,1761.3152792453766
3317,1762.87766456604
3318,1763.5858042240143
3319,1764.6592199802399
3320,1767.6123523712158
3321,1769.8068249225616
3322,1770.2060797214508
3323,1770.3366935253143
3324,1770.4051852226257
3325,1771.0229382514954
3326,1771.4973332881927
3327,1772.3848428726196
3328,1772.6187477111816
3329,1772.7624897956848
3330,1773.5159430503845
3331,1774.001098871231
3332,1774.3626291751862
3333,1774.5472662448883
3334,1774.5929625034332
3335,1777.2939233779907
3336,1778.4854671955109
3337,1778.869003534317
3338,1779.0203959941864
3339,1780.7181932926178
3340,1780.8748316764832
3341,1780.9805812835693
3342,1782.5147514343262
3343,1782.5897917747498
3344,1784.6978106498718
3345,1786.0729451179504
3346,1786.6880209445953
3347,1788.6189668178558
3348,1790.4783656597137
3349,1791.8365726470947
3350,1795.0261268615723
3351,1795.4775004386902
3352,1795.7230496406555
3353,1799.9432845115662
3354,1800.5330593585968
3355,1800.6684484481812
3356,1800.920580148697
3357,1802.2505774497986
3358,1802.359278678894
3359,1802.8742892742157
3360,1803.199809551239
3361,1803.404113292694
3362,1803.5773520469666
3363,1803.7432417869568
3364,1803.8129725456238
3365,1804.268355846405
3366,1804.6481268405914
3367,1804.90083193779
3368,1805.0793766975403
3369,1805.4902675151825
3370,1805.9431502819061
3371,1807.0322091579437
3372,1809.7058923244476
3373,1811.28453373909
3374,1812.8485970497131
3375,1813.6045763492584
3376,1813.6246678829193
3377,1819.6903097629547
3378,1821.0876433849335
3379,1822.3183870315552
3380,1825.99711227417
3381,1827.4560215473175
3382,1827.852127313614
3383,1831.9850833415985
3384,1832.1621499061584
3385,1832.2394692897797
3386,1832.8659193515778
3387,1832.950103521347
3388,1833.000675201416
3389,1833.2270293235779
3390,1833.2462904453278
3391,1834.049084186554
3392,1834.3964908123016
3393,1835.5427722930908
3394,1836.660798072815
3395,1837.3086187839508
3396,1837.879872560501
3397,1842.9872982501984
3398,1843.3421292304993
3399,1845.3370821475983
3400,1850.0231413841248
3401,1851.111216545105
3402,1854.042405128479
3403,1854.6912732124329
3404,1855.8423779010773
3405,1857.0425419807434
3406,1859.1593790054321
3407,1860.4222931861877
3408,1860.9522724151611
3409,1865.7966043949127
3410,1866.1406478881836
3411,1871.333771944046
3412,1877.9657804965973
3413,1880.09091091156
3414,1880.338150024414
3415,1881.7129907608032
3416,1886.040316581726
3417,1888.5225212574005
3418,1888.7653665542603
3419,1888.859384059906
3420,1889.1800754070282
3421,1889.6359972953796
3422,1890.7179110050201
3423,1891.1679043769836
3424,1892.4898073673248
3425,1892.8564825057983
3426,1893.8059368133545
3427,1896.4351749420166
3428,1896.9658243656158
3429,1897.7793626785278
3430,1898.8202772140503
3431,1899.1671130657196
3432,1899.878309249878
3433,1901.2835557460785
3434,1901.5163853168488
3435,1903.4563615322113
3436,1905.0702509880066
3437,1906.202731847763
3438,1907.664347410202
3439,1908.4178280830383
3440,1913.5099558830261
3441,1914.6520223617554
3442,1919.6248245239258
3443,1923.559689283371
3444,1925.2464380264282
3445,1929.1680948734283
3446,1930.1174855232239
3447,1930.2621204853058
3448,1934.0458984375
3449,1935.7769312858582
3450,1941.973753452301
3451,1942.4596745967865
3452,1943.560017824173
3453,1943.6294934749603
3454,1943.7405271530151
3455,1945.0792608261108
3456,1947.1226923465729
3457,1947.5447645187378
3458,1950.015079498291
3459,1950.4910128116608
3460,1950.6306066513062
3461,1950.9271910190582
3462,1951.1310024261475
3463,1952.7122888565063
3464,1953.279062986374
3465,1955.083978652954
3466,1957.2554903030396
3467,1957.372329235077
3468,1959.7003705501556
3469,1962.5826036930084
3470,1963.408924818039
3471,1965.842607975006
3472,1966.0057797431946
3473,1969.4459674358368
3474,1969.9487771987915
3475,1970.0728268623352
3476,1973.4781885147095
3477,1976.0151934623718
3478,1977.0505845546722
3479,1977.2077553272247
3480,1977.307991027832
3481,1977.6934623718262
3482,1978.0104866027832
3483,1979.2657821178436
3484,1980.0526864528656
3485,1980.9211792945862
3486,1980.9942808151245
3487,1982.2445764541626
3488,1983.1055443286896
3489,1983.80153799057
3490,1983.928209066391
3491,1984.655599117279
3492,1984.8203556537628
3493,1985.9613463878632
3494,1986.204422712326
3495,1986.309693813324
3496,1988.0504937171936
3497,1992.3374831676483
3498,1992.5106084346771
3499,1992.5661289691925
3500,1996.5370655059814
3501,1997.3401896953583
3502,1997.8481328487396
3503,1998.2138414382935
3504,1998.7998185157776
3505,2000.671549320221
3506,2001.3289477825165
3507,2003.8252999782562
3508,2005.38547873497
3509,2005.8809354305267
3510,2007.079111814499
3511,2008.7105515003204
3512,2009.196304321289
3513,2013.994960784912
3514,2014.8000710010529
3515,2016.4390399456024
3516,2018.4156112670898
3517,2024.8044736385345
3518,2027.3856902122498
3519,2032.6257672309875
3520,2033.67702293396
3521,2035.5278556346893
3522,2035.9322369098663
3523,2037.3762652873993
3524,2037.4726524353027
3525,2038.5171728134155
3526,2040.1793868541718
3527,2042.0309369564056
3528,2045.3282644748688
3529,2048.777268886566
3530,2050.6979880332947
3531,2052.542895555496
3532,2054.5785553455353
3533,2055.3829600811005
3534,2055.9043090343475
3535,2056.939485311508
3536,2057.486136674881
3537,2057.810902118683
3538,2068.4572727680206
3539,2069.5839557647705
3540,2070.1992089748383
3541,2073.244831085205
3542,2074.3589289188385
3543,2077.5950174331665
3544,2080.1130657196045
3545,2080.505724668503
3546,2081.2895181179047
3547,2082.0707035064697
3548,2089.3083503246307
3549,2089.5899300575256
3550,2090.133038043976
3551,2090.2967567443848
3552,2094.1116213798523
3553,2097.1489498615265
3554,2098.30522274971
3555,2098.677214860916
3556,2100.9473555088043
3557,2102.513970851898
3558,2105.9332025051117
3559,2106.7948179244995
3560,2107.4580602645874
3561,2108.4425525665283
3562,2109.0063750743866
3563,2109.656278371811
3564,2117.203770637512
3565,2119.715791940689
3566,2120.091194629669
3567,2120.191164255142
3568,2120.3852078914642
3569,2120.816918373108
3570,2122.887692451477
3571,2124.53932929039
3572,2126.0060527324677
3573,2126.0418932437897
3574,2126.1762635707855
3575,2127.015244245529
3576,2130.640760421753
3577,2134.1994075775146
3578,2134.3218216896057
3579,2134.9333577156067
3580,2135.470010995865
3581,2135.6562838554382
3582,2135.8473722934723
3583,2136.70627784729
3584,2138.2472355365753
3585,2138.415406703949
3586,2138.9749817848206
3587,2140.3478910923004
3588,2141.149977684021
3589,2141.4107568264008
3590,2141.5438466072083
3591,2143.0248351097107
3592,2143.087324619293
3593,2147.880528688431
3594,2148.464963912964
3595,2148.6190371513367
3596,2150.7892603874207
3597,2155.6567986011505
3598,2156.408613204956
3599,2156.4624428749084
3600,2158.692220211029
3601,2160.0783421993256
3602,2161.193667411804
3603,2161.3412096500397
3604,2161.6692039966583
3605,2161.8313887119293
3606,2164.3017523288727
3607,2164.6564285755157
3608,2168.44647359848
3609,2170.3634808063507
3610,2170.766375541687
3611,2172.05655837059
3612,2172.2109451293945
3613,2172.32319188118
3614,2173.5952730178833
3615,2176.4493279457092
3616,2178.2949011325836
3617,2178.5215616226196
3618,2178.80290722847
3619,2181.632737159729
3620,2182.9192876815796
3621,2185.891223192215
3622,2186.590052127838
3623,2186.7605645656586
3624,2187.048332452774
3625,2187.1077268123627
3626,2187.1897718906403
3627,2187.5944378376007
3628,2189.6197369098663
3629,2191.986367225647
3630,2193.7352800369263
3631,2196.91490983963
3632,2196.9324073791504
3633,2197.1286170482635
3634,2197.151163816452
3635,2197.659124851227
3636,2198.0353932380676
3637,2198.512516975403
3638,2200.0463032722473
3639,2200.7355875968933
3640,2203.3054900169373
3641,2210.494427204132
3642,2215.381173849106
3643,2215.4229640960693
3644,2219.683144569397
3645,2219.705384016037
3646,2222.004695415497
3647,2224.2645466327667
3648,2224.3576333522797
3649,2229.644189119339
3650,2232.014584302902
3651,2232.4473791122437
3652,2233.5666098594666
3653,2237.7193858623505
3654,2244.8562383651733
3655,2248.782392024994
3656,2249.6366968154907
3657,2250.2321372032166
3658,2250.992454767227
3659,2252.551640033722
3660,2252.6661360263824
3661,2253.0386896133423
3662,2253.5851294994354
3663,2256.8675487041473
3664,2257.3266212940216
3665,2259.645748615265
3666,2260.7313861846924
3667,2263.739260196686
3668,2264.2033212184906
3669,2266.2714552879333
3670,2266.9491395950317
3671,2268.5201892852783
3672,2268.941171169281
3673,2269.29115486145
3674,2270.7421667575836
3675,2272.94859457016
3676,2275.2982518672943
3677,2275.3980464935303
3678,2276.4854950904846
3679,2278.041232585907
3680,2278.2498893737793
3681,2278.55907535553
3682,2279.3990392684937
3683,2280.078872680664
3684,2280.098478078842
3685,2281.8560013771057
3686,2282.0535550117493
3687,2286.369231939316
3688,2286.9240794181824
3689,2287.0331616401672
3690,2289.6871449947357
3691,2293.8042063713074
3692,2296.4727437496185
3693,2296.9458775520325
3694,2302.2634336948395
3695,2305.0575461387634
3696,2306.396585226059
3697,2307.7021627426147
3698,2310.09144449234
3699,2312.0177466869354
3700,2312.178743124008
3701,2312.4934067726135
3702,2314.1670796871185
3703,2316.1998329162598
3704,2316.8459980487823
3705,2317.777601003647
3706,2318.133357524872
3707,2319.2088692188263
3708,2319.532881975174
3709,2319.7932131290436
3710,2321.473261117935
3711,2322.542275905609
3712,2325.5398445129395
3713,2325.695455789566
3714,2328.0949668884277
3715,2330.170233488083
3716,2331.480977535248
3717,2331.8374598026276
3718,2335.4488842487335
3719,2342.765466928482
3720,2343.3462040424347
3721,2344.650648355484
3722,2345.2682962417603
3723,2350.283948659897
3724,2353.002448797226
3725,2354.0358073711395
3726,2362.4349842071533
3727,2363.2880079746246
3728,2366.138299703598
3729,2367.232861995697
3730,2367.493309020996
3731,2370.2509520053864
3732,2370.4400651454926
3733,2373.3224766254425
3734,2376.3151907920837
3735,2378.96435379982
3736,2381.4857635498047
3737,2384.25927066803
3738,2384.3930473327637
3739,2394.3916170597076
3740,2395.2229509353638
3741,2398.3268206119537
3742,2407.604528903961
3743,2410.205770254135
3744,2413.7543609142303
3745,2413.9926290512085
3746,2417.5563068389893
3747,2417.669817686081
3748,2417.9768512248993
3749,2418.73100066185
3750,2420.3094758987427
3751,2420.4502329826355
3752,2421.0585792064667
3753,2421.7256648540497
3754,2423.2974965572357
3755,2423.3808443546295
3756,2426.578681230545
3757,2429.034292459488
3758,2430.3128526210785
3759,2432.806340456009
3760,2433.038846731186
3761,2436.097597837448
3762,2437.4346272945404
3763,2437.6075024604797
3764,2437.765229701996
3765,2439.863105773926
3766,2440.48837184906
3767,2444.889425754547
3768,2446.4179396629333
3769,2451.8096883296967
3770,2454.060310125351
3771,2454.567142724991
3772,2454.67875957489
3773,2455.068810224533
3774,2455.718893289566
3775,2456.338131904602
3776,2456.5653960704803
3777,2458.8538613319397
3778,2460.723705768585
3779,2462.3109891414642
3780,2462.876958847046
3781,2464.5718195438385
3782,2466.594837665558
3783,2468.689241170883
3784,2469.414496898651
3785,2469.6077783107758
3786,2469.6851539611816
3787,2472.4776678085327
3788,2472.622331380844
3789,2473.29039645195
3790,2477.9442613124847
3791,2477.9631702899933
3792,2486.6579909324646
3793,2488.717353582382
3794,2488.994648218155
3795,2492.6378939151764
3796,2496.3145027160645
3797,2497.160784959793
3798,2506.0064923763275
3799,2506.774299144745
3800,2508.9492666721344
3801,2517.6815943717957
