Episode,Average Paddle Hits
1,0.0
2,0.0
3,0.0
4,0.0
5,0.0
6,0.0
7,0.0
8,0.0
9,0.0
10,0.0
11,0.0
12,0.0
13,0.0
14,0.0
15,0.0
16,0.0
17,0.0
18,0.0
19,0.0
20,0.0
21,0.0
22,0.0
23,0.0
24,0.0
25,0.0
26,0.0
27,0.0
28,0.0
29,0.0
30,0.0
31,0.0
32,0.0
33,0.0
34,0.0
35,0.0
36,0.0
37,0.0
38,0.0
39,0.0
40,0.0
41,0.0
42,0.0
43,0.0
44,0.0
45,0.0
46,0.0
47,0.0
48,0.0
49,0.0
50,0.0
51,0.0
52,0.0
53,0.0
54,0.0
55,0.0
56,0.0
57,0.0
58,0.0
59,0.0
60,0.0
61,0.0
62,0.0
63,0.0
64,0.0
65,0.0
66,0.0
67,0.0
68,0.0
69,0.0
70,0.0
71,0.0
72,0.0
73,0.0
74,0.0
75,0.0
76,0.0
77,0.0
78,0.0
79,0.0
80,0.0
81,0.0
82,0.0
83,0.0
84,0.0
85,0.0
86,0.0
87,0.0
88,0.0
89,0.0
90,0.0
91,0.0
92,0.0
93,0.0
94,0.0
95,0.0
96,0.0
97,0.0
98,0.0
99,0.0
100,0.5316666666666668
101,0.5336666666666667
102,0.5313333333333333
103,0.533
104,0.5316666666666666
105,0.5293333333333332
106,0.5316666666666666
107,0.5343333333333333
108,0.5346666666666667
109,0.533
110,0.5286666666666667
111,0.527
112,0.5263333333333334
113,0.5263333333333333
114,0.5263333333333334
115,0.5276666666666666
116,0.529
117,0.5296666666666668
118,0.525
119,0.529
120,0.5306666666666666
121,0.528
122,0.5283333333333333
123,0.5320000000000001
124,0.5323333333333333
125,0.5323333333333333
126,0.5349999999999999
127,0.5366666666666667
128,0.539
129,0.5386666666666666
130,0.5406666666666667
131,0.5420000000000001
132,0.5433333333333334
133,0.5446666666666666
134,0.5476666666666666
135,0.5466666666666667
136,0.544
137,0.5406666666666666
138,0.5393333333333334
139,0.5396666666666667
140,0.5393333333333333
141,0.5383333333333333
142,0.5366666666666667
143,0.5373333333333332
144,0.5346666666666666
145,0.533
146,0.5326666666666667
147,0.534
148,0.5283333333333333
149,0.5293333333333333
150,0.5293333333333333
151,0.5306666666666667
152,0.535
153,0.5383333333333333
154,0.5406666666666666
155,0.5376666666666667
156,0.5400000000000001
157,0.539
158,0.5429999999999999
159,0.544
160,0.5453333333333333
161,0.5443333333333334
162,0.5476666666666666
163,0.5483333333333335
164,0.5493333333333333
165,0.5533333333333332
166,0.5526666666666666
167,0.5476666666666665
168,0.5466666666666667
169,0.5503333333333333
170,0.553
171,0.5546666666666666
172,0.5533333333333332
173,0.5539999999999999
174,0.5549999999999998
175,0.5486666666666667
176,0.5496666666666666
177,0.5493333333333333
178,0.5513333333333333
179,0.5519999999999999
180,0.5509999999999999
181,0.5503333333333333
182,0.5526666666666666
183,0.5519999999999999
184,0.5523333333333333
185,0.5486666666666665
186,0.5479999999999999
187,0.5513333333333332
188,0.5516666666666665
189,0.5519999999999999
190,0.5576666666666666
191,0.557
192,0.5643333333333335
193,0.5646666666666665
194,0.5623333333333332
195,0.5589999999999998
196,0.5599999999999999
197,0.5609999999999999
198,0.5613333333333332
199,0.5633333333333332
200,0.5613333333333334
201,0.5596666666666666
202,0.5636666666666666
203,0.5626666666666666
204,0.5643333333333335
205,0.5626666666666668
206,0.5640000000000001
207,0.5633333333333334
208,0.5693333333333332
209,0.5706666666666667
210,0.577
211,0.5826666666666667
212,0.5876666666666667
213,0.5896666666666666
214,0.5993333333333335
215,0.603
216,0.6063333333333333
217,0.6060000000000001
218,0.6106666666666668
219,0.6103333333333334
220,0.6103333333333334
221,0.616
222,0.6159999999999999
223,0.618
224,0.6216666666666666
225,0.6193333333333333
226,0.6223333333333333
227,0.6223333333333334
228,0.6229999999999999
229,0.6256666666666667
230,0.6289999999999999
231,0.6316666666666666
232,0.63
233,0.6303333333333332
234,0.6330000000000001
235,0.6359999999999999
236,0.6423333333333331
237,0.6496666666666665
238,0.6549999999999999
239,0.6613333333333332
240,0.6636666666666665
241,0.6679999999999997
242,0.6756666666666667
243,0.6803333333333333
244,0.6813333333333332
245,0.6843333333333333
246,0.6869999999999999
247,0.6883333333333332
248,0.6933333333333335
249,0.6973333333333332
250,0.6940000000000001
251,0.7013333333333333
252,0.7033333333333335
253,0.7076666666666667
254,0.7160000000000001
255,0.728
256,0.7333333333333332
257,0.7383333333333333
258,0.7426666666666666
259,0.7466666666666668
260,0.7529999999999999
261,0.7543333333333334
262,0.7566666666666665
263,0.7603333333333333
264,0.765
265,0.7669999999999999
266,0.7733333333333334
267,0.7803333333333333
268,0.7923333333333332
269,0.7940000000000002
270,0.8003333333333331
271,0.8039999999999999
272,0.8123333333333335
273,0.8173333333333334
274,0.824
275,0.8300000000000001
276,0.8366666666666666
277,0.8396666666666668
278,0.8393333333333334
279,0.8426666666666667
280,0.8509999999999999
281,0.8633333333333333
282,0.8626666666666668
283,0.8666666666666667
284,0.8706666666666666
285,0.8776666666666666
286,0.8809999999999999
287,0.8803333333333331
288,0.8913333333333333
289,0.8983333333333335
290,0.8996666666666667
291,0.9103333333333334
292,0.9096666666666666
293,0.9190000000000002
294,0.926
295,0.9349999999999998
296,0.9426666666666665
297,0.95
298,0.9546666666666668
299,0.956
300,0.961333333333333
301,0.9719999999999999
302,0.9800000000000001
303,0.9963333333333334
304,1.0013333333333332
305,1.0086666666666664
306,1.0160000000000002
307,1.0250000000000001
308,1.0210000000000001
309,1.0293333333333334
310,1.042
311,1.047
312,1.0533333333333335
313,1.0623333333333336
314,1.0643333333333331
315,1.0733333333333333
316,1.0866666666666664
317,1.0936666666666668
318,1.1026666666666665
319,1.1156666666666666
320,1.1179999999999999
321,1.1316666666666666
322,1.1433333333333333
323,1.1446666666666665
324,1.1473333333333333
325,1.158
326,1.1610000000000003
327,1.169333333333333
328,1.1793333333333333
329,1.1846666666666665
330,1.1953333333333334
331,1.198666666666667
332,1.2086666666666668
333,1.2156666666666667
334,1.216666666666667
335,1.2283333333333333
336,1.2306666666666666
337,1.239
338,1.239
339,1.239666666666667
340,1.2426666666666668
341,1.2476666666666667
342,1.2510000000000001
343,1.255666666666667
344,1.266333333333333
345,1.2650000000000003
346,1.2746666666666664
347,1.2760000000000002
348,1.2880000000000005
349,1.2943333333333333
350,1.307
351,1.3093333333333337
352,1.3220000000000003
353,1.323
354,1.3263333333333336
355,1.3336666666666668
356,1.3370000000000002
357,1.3433333333333333
358,1.349333333333333
359,1.3593333333333333
360,1.365
361,1.3803333333333336
362,1.396666666666667
363,1.4060000000000004
364,1.416666666666667
365,1.427
366,1.4319999999999997
367,1.4416666666666664
368,1.4433333333333331
369,1.4596666666666671
370,1.4680000000000002
371,1.4723333333333337
372,1.481
373,1.488
374,1.4900000000000004
375,1.5026666666666666
376,1.5106666666666668
377,1.5333333333333334
378,1.5480000000000003
379,1.5603333333333338
380,1.5710000000000002
381,1.5750000000000002
382,1.5853333333333335
383,1.6026666666666667
384,1.6110000000000002
385,1.6173333333333335
386,1.6306666666666667
387,1.6456666666666668
388,1.6443333333333332
389,1.6546666666666665
390,1.6646666666666663
391,1.6700000000000002
392,1.6836666666666669
393,1.6966666666666668
394,1.7000000000000002
395,1.7113333333333332
396,1.7179999999999997
397,1.7240000000000004
398,1.7399999999999998
399,1.7613333333333334
400,1.7696666666666663
401,1.7763333333333335
402,1.7923333333333333
403,1.7926666666666666
404,1.8103333333333331
405,1.817333333333333
406,1.820333333333333
407,1.8293333333333333
408,1.8426666666666662
409,1.8576666666666661
410,1.8746666666666665
411,1.8903333333333336
412,1.896
413,1.9173333333333333
414,1.9383333333333337
415,1.9473333333333334
416,1.9449999999999996
417,1.9569999999999999
418,1.968333333333333
419,1.9780000000000004
420,2.008666666666667
421,2.006666666666667
422,2.018333333333333
423,2.036
424,2.046333333333334
425,2.0670000000000006
426,2.0826666666666664
427,2.111333333333333
428,2.123333333333333
429,2.143666666666667
430,2.140666666666667
431,2.1550000000000002
432,2.163333333333333
433,2.1743333333333337
434,2.186666666666667
435,2.1906666666666665
436,2.1950000000000003
437,2.198333333333333
438,2.2143333333333337
439,2.235333333333334
440,2.242
441,2.252666666666666
442,2.2609999999999997
443,2.2830000000000004
444,2.2946666666666666
445,2.312666666666666
446,2.3223333333333342
447,2.3373333333333335
448,2.3473333333333333
449,2.3606666666666665
450,2.369
451,2.3846666666666674
452,2.3920000000000003
453,2.4059999999999993
454,2.4246666666666665
455,2.4283333333333337
456,2.4506666666666663
457,2.464666666666666
458,2.469
459,2.4750000000000005
460,2.489666666666666
461,2.5020000000000002
462,2.510333333333333
463,2.5236666666666676
464,2.5319999999999996
465,2.538333333333333
466,2.5589999999999997
467,2.572
468,2.588333333333333
469,2.595666666666667
470,2.6010000000000004
471,2.615
472,2.6279999999999997
473,2.649666666666667
474,2.666666666666667
475,2.6726666666666667
476,2.6936666666666667
477,2.6893333333333334
478,2.702333333333333
479,2.697666666666667
480,2.704
481,2.7066666666666666
482,2.7159999999999997
483,2.7303333333333324
484,2.756333333333333
485,2.784333333333333
486,2.8033333333333337
487,2.823333333333333
488,2.848
489,2.8529999999999998
490,2.8706666666666663
491,2.879666666666666
492,2.8779999999999997
493,2.8803333333333336
494,2.902
495,2.9099999999999997
496,2.9173333333333327
497,2.921
498,2.9259999999999997
499,2.927666666666667
500,2.9373333333333336
501,2.95
502,2.948999999999999
503,2.954333333333334
504,2.9596666666666662
505,2.986333333333334
506,2.9963333333333324
507,3.0216666666666674
508,3.0333333333333328
509,3.0309999999999993
510,3.0140000000000002
511,3.019
512,3.022
513,3.033
514,3.034333333333333
515,3.0416666666666665
516,3.0579999999999994
517,3.075
518,3.083666666666666
519,3.0910000000000006
520,3.087666666666666
521,3.1010000000000004
522,3.099999999999999
523,3.111666666666667
524,3.138333333333334
525,3.1503333333333337
526,3.1599999999999997
527,3.1599999999999997
528,3.156
529,3.1723333333333334
530,3.1913333333333345
531,3.207333333333333
532,3.2190000000000003
533,3.242666666666666
534,3.2516666666666665
535,3.2643333333333335
536,3.2673333333333345
537,3.3023333333333325
538,3.3049999999999997
539,3.3076666666666656
540,3.3363333333333345
541,3.3459999999999996
542,3.3636666666666666
543,3.36
544,3.369999999999999
545,3.388666666666666
546,3.4026666666666663
547,3.4059999999999993
548,3.4070000000000005
549,3.419666666666667
550,3.429
551,3.431666666666667
552,3.451000000000001
553,3.4690000000000003
554,3.4706666666666663
555,3.478333333333334
556,3.4886666666666666
557,3.491666666666667
558,3.5036666666666676
559,3.513666666666667
560,3.524333333333335
561,3.5306666666666673
562,3.535666666666668
563,3.553666666666666
564,3.5653333333333332
565,3.565
566,3.5689999999999995
567,3.590333333333333
568,3.5916666666666672
569,3.607
570,3.6273333333333326
571,3.6370000000000005
572,3.6486666666666663
573,3.6473333333333335
574,3.657333333333332
575,3.691666666666667
576,3.718666666666667
577,3.732999999999999
578,3.7273333333333336
579,3.7393333333333336
580,3.7519999999999993
581,3.7733333333333334
582,3.814
583,3.8350000000000004
584,3.8366666666666673
585,3.822666666666667
586,3.8233333333333337
587,3.8400000000000007
588,3.8356666666666674
589,3.8693333333333326
590,3.889333333333334
591,3.8910000000000005
592,3.929333333333333
593,3.956000000000001
594,3.962666666666667
595,3.9796666666666667
596,3.993666666666667
597,4.012000000000001
598,4.033666666666667
599,4.064999999999999
600,4.087333333333333
601,4.083
602,4.106666666666666
603,4.1323333333333325
604,4.127999999999999
605,4.125333333333334
606,4.129
607,4.113333333333334
608,4.114666666666666
609,4.1339999999999995
610,4.148000000000001
611,4.155333333333333
612,4.193333333333333
613,4.181333333333333
614,4.186333333333335
615,4.194
616,4.193333333333333
617,4.205
618,4.203000000000001
619,4.222666666666667
620,4.2586666666666675
621,4.256666666666666
622,4.272666666666666
623,4.286666666666667
624,4.297666666666667
625,4.297333333333333
626,4.317000000000001
627,4.321333333333333
628,4.351999999999999
629,4.364666666666666
630,4.372000000000001
631,4.371666666666666
632,4.383666666666667
633,4.394666666666666
634,4.442333333333333
635,4.467333333333333
636,4.507666666666666
637,4.509333333333333
638,4.521000000000001
639,4.557000000000001
640,4.557
641,4.558666666666667
642,4.557666666666666
643,4.572333333333334
644,4.581999999999999
645,4.593666666666667
646,4.604666666666666
647,4.644333333333334
648,4.656333333333333
649,4.668666666666667
650,4.695333333333333
651,4.706333333333333
652,4.721
653,4.743
654,4.746333333333333
655,4.769666666666666
656,4.768000000000001
657,4.771000000000001
658,4.773000000000001
659,4.785666666666666
660,4.799333333333333
661,4.799000000000002
662,4.814333333333335
663,4.827000000000002
664,4.856666666666667
665,4.891333333333333
666,4.905666666666668
667,4.912333333333334
668,4.9526666666666666
669,4.940666666666664
670,4.937
671,4.946666666666666
672,4.9593333333333325
673,4.980666666666668
674,4.995666666666668
675,4.973
676,4.9673333333333325
677,4.969999999999999
678,4.987333333333334
679,5.019666666666667
680,5.0373333333333346
681,5.031333333333333
682,5.023
683,5.005666666666666
684,5.013
685,5.025
686,5.027666666666666
687,5.028
688,5.059333333333332
689,5.049000000000001
690,5.035
691,5.047
692,5.044
693,5.047000000000001
694,5.052999999999999
695,5.053666666666667
696,5.058666666666666
697,5.061666666666667
698,5.058999999999999
699,5.052333333333333
700,5.050666666666668
701,5.077999999999999
702,5.079999999999999
703,5.080333333333333
704,5.123666666666665
705,5.1196666666666655
706,5.155333333333333
707,5.177333333333334
708,5.192666666666665
709,5.197999999999999
710,5.228333333333333
711,5.246333333333333
712,5.230333333333333
713,5.2509999999999994
714,5.2636666666666665
715,5.2826666666666675
716,5.298666666666667
717,5.298666666666667
718,5.335666666666666
719,5.338333333333335
720,5.340999999999999
721,5.367666666666667
722,5.367
723,5.381333333333333
724,5.389666666666666
725,5.402333333333334
726,5.4
727,5.426333333333334
728,5.423666666666667
729,5.432333333333334
730,5.4513333333333325
731,5.460666666666668
732,5.497333333333333
733,5.497333333333333
734,5.487333333333335
735,5.479666666666668
736,5.483999999999999
737,5.486000000000001
738,5.518333333333333
739,5.524333333333333
740,5.540666666666667
741,5.565666666666667
742,5.583666666666668
743,5.589333333333332
744,5.610000000000001
745,5.631333333333333
746,5.660333333333332
747,5.664333333333333
748,5.683000000000001
749,5.699000000000001
750,5.713
751,5.7283333333333335
752,5.730666666666667
753,5.708666666666668
754,5.720000000000001
755,5.714666666666667
756,5.710999999999999
757,5.725666666666665
758,5.755000000000002
759,5.752666666666667
760,5.7826666666666675
761,5.822333333333334
762,5.833333333333333
763,5.841
764,5.841333333333336
765,5.853999999999998
766,5.895666666666668
767,5.893666666666665
768,5.892333333333334
769,5.936666666666666
770,5.965999999999999
771,5.970999999999999
772,5.992666666666666
773,6.014666666666668
774,6.028999999999999
775,6.063
776,6.076
777,6.097000000000002
778,6.118666666666668
779,6.117666666666667
780,6.150666666666667
781,6.176666666666666
782,6.1690000000000005
783,6.188000000000001
784,6.190333333333334
785,6.202666666666667
786,6.209666666666665
787,6.2056666666666676
788,6.218333333333334
789,6.252999999999998
790,6.277
791,6.294666666666667
792,6.311666666666667
793,6.3423333333333325
794,6.353
795,6.376666666666667
796,6.3966666666666665
797,6.446666666666669
798,6.482333333333333
799,6.496666666666668
800,6.514666666666665
801,6.533333333333332
802,6.526666666666667
803,6.5536666666666665
804,6.545333333333332
805,6.5649999999999995
806,6.578
807,6.565999999999999
808,6.575999999999999
809,6.603666666666668
810,6.5983333333333345
811,6.587333333333333
812,6.589333333333332
813,6.585999999999999
814,6.617000000000001
815,6.649000000000001
816,6.676333333333334
817,6.719999999999999
818,6.710333333333334
819,6.744666666666666
820,6.724333333333332
821,6.736666666666667
822,6.767
823,6.785333333333333
824,6.7796666666666665
825,6.778999999999999
826,6.774333333333332
827,6.7623333333333315
828,6.792000000000001
829,6.815666666666666
830,6.818
831,6.8226666666666675
832,6.819999999999999
833,6.846333333333334
834,6.861666666666667
835,6.876333333333334
836,6.883333333333335
837,6.880333333333334
838,6.881999999999999
839,6.894
840,6.885666666666668
841,6.9060000000000015
842,6.947666666666667
843,6.981
844,6.983666666666666
845,6.975333333333333
846,6.966333333333334
847,6.967666666666667
848,6.979333333333333
849,6.972333333333334
850,6.9639999999999995
851,6.964333333333333
852,6.949
853,6.957333333333332
854,6.995333333333334
855,7.015666666666665
856,7.020666666666667
857,7.027
858,7.037333333333333
859,7.0553333333333335
860,7.043
861,7.013999999999999
862,7.039666666666665
863,7.0630000000000015
864,7.057999999999999
865,7.076333333333335
866,7.062333333333336
867,7.091333333333334
868,7.092333333333334
869,7.091666666666669
870,7.081333333333333
871,7.099
872,7.101
873,7.082666666666666
874,7.111999999999999
875,7.127333333333335
876,7.118333333333335
877,7.107333333333333
878,7.127666666666668
879,7.126666666666666
880,7.130666666666666
881,7.145
882,7.191666666666666
883,7.179333333333332
884,7.196666666666667
885,7.210666666666667
886,7.24166666666667
887,7.245000000000001
888,7.259
889,7.263999999999999
890,7.2669999999999995
891,7.318666666666667
892,7.312666666666668
893,7.308666666666669
894,7.305999999999999
895,7.294333333333335
896,7.362666666666668
897,7.3340000000000005
898,7.322666666666665
899,7.327666666666664
900,7.348999999999998
901,7.350333333333334
902,7.393333333333334
903,7.404666666666666
904,7.429666666666667
905,7.449333333333333
906,7.454999999999999
907,7.477666666666667
908,7.521000000000001
909,7.532333333333335
910,7.538
911,7.568666666666667
912,7.597000000000002
913,7.605999999999998
914,7.625333333333333
915,7.643000000000001
916,7.632999999999997
917,7.638999999999999
918,7.673000000000002
919,7.659666666666667
920,7.674
921,7.6789999999999985
922,7.6736666666666675
923,7.6736666666666675
924,7.677999999999999
925,7.679666666666667
926,7.695666666666667
927,7.697666666666666
928,7.6690000000000005
929,7.632666666666666
930,7.616
931,7.642333333333334
932,7.6226666666666665
933,7.628666666666667
934,7.611
935,7.648
936,7.645333333333335
937,7.686333333333332
938,7.674333333333334
939,7.649666666666666
940,7.6709999999999985
941,7.671333333333335
942,7.636666666666667
943,7.597666666666668
944,7.613666666666668
945,7.629
946,7.634666666666666
947,7.636666666666667
948,7.629666666666666
949,7.645333333333332
950,7.661000000000001
951,7.7029999999999985
952,7.729
953,7.784000000000001
954,7.772999999999999
955,7.77
956,7.796333333333332
957,7.808999999999999
958,7.813999999999999
959,7.833333333333333
960,7.821
961,7.873333333333333
962,7.873999999999999
963,7.874333333333336
964,7.898000000000001
965,7.869333333333333
966,7.839333333333332
967,7.8356666666666674
968,7.840999999999999
969,7.873
970,7.890000000000001
971,7.929666666666667
972,7.903666666666668
973,7.947000000000001
974,7.9493333333333345
975,7.947333333333334
976,7.960000000000002
977,8.003333333333334
978,8.002999999999998
979,8.02
980,8.017333333333335
981,8.005
982,7.986333333333334
983,8.030666666666667
984,8.042999999999997
985,8.039666666666667
986,8.037666666666668
987,8.065666666666667
988,8.055333333333333
989,8.039333333333335
990,8.024333333333335
991,8.013666666666667
992,8.07066666666667
993,8.066333333333334
994,8.099666666666668
995,8.114666666666666
996,8.052333333333333
997,8.060666666666666
998,8.062666666666667
999,8.099666666666666
1000,8.079333333333333
1001,8.063666666666666
1002,8.062333333333331
1003,8.039333333333333
1004,8.014
1005,8.010666666666669
1006,7.9830000000000005
1007,7.972333333333334
1008,7.937666666666667
1009,7.940333333333337
1010,7.967333333333332
1011,7.982666666666666
1012,7.977999999999999
1013,7.978000000000002
1014,7.936999999999999
1015,7.898333333333332
1016,7.911
1017,7.904666666666668
1018,7.877000000000001
1019,7.859666666666666
1020,7.856999999999998
1021,7.863666666666668
1022,7.868333333333331
1023,7.833333333333332
1024,7.8393333333333315
1025,7.863666666666665
1026,7.896000000000002
1027,7.896333333333332
1028,7.960333333333333
1029,7.968333333333334
1030,7.982333333333332
1031,8.001666666666667
1032,8.041666666666668
1033,8.028333333333332
1034,8.031333333333333
1035,7.997333333333331
1036,8.053333333333335
1037,8.041666666666666
1038,8.045333333333334
1039,8.067333333333336
1040,8.046999999999999
1041,8.071999999999997
1042,8.104666666666668
1043,8.137
1044,8.119333333333335
1045,8.094666666666667
1046,8.086
1047,8.11
1048,8.138666666666666
1049,8.154333333333334
1050,8.158666666666667
1051,8.123333333333333
1052,8.135
1053,8.111666666666668
1054,8.095333333333333
1055,8.134666666666664
1056,8.153666666666664
1057,8.164333333333333
1058,8.149666666666665
1059,8.162666666666667
1060,8.229000000000001
1061,8.213000000000001
1062,8.189
1063,8.176666666666668
1064,8.15
1065,8.155666666666669
1066,8.209666666666669
1067,8.214333333333334
1068,8.202666666666666
1069,8.190000000000001
1070,8.192666666666668
1071,8.180333333333335
1072,8.208
1073,8.176333333333336
1074,8.177000000000001
1075,8.187333333333331
1076,8.176999999999998
1077,8.160000000000002
1078,8.165000000000001
1079,8.161333333333335
1080,8.139000000000001
1081,8.151333333333334
1082,8.164
1083,8.175333333333331
1084,8.169333333333332
1085,8.179333333333334
1086,8.199333333333334
1087,8.182333333333334
1088,8.203000000000001
1089,8.213666666666668
1090,8.239666666666666
1091,8.223333333333331
1092,8.199666666666667
1093,8.190999999999999
1094,8.187666666666667
1095,8.186333333333332
1096,8.197333333333335
1097,8.200333333333333
1098,8.222333333333333
1099,8.202333333333334
1100,8.232999999999999
1101,8.244000000000002
1102,8.235333333333335
1103,8.240666666666668
1104,8.246333333333332
1105,8.236666666666666
1106,8.293000000000001
1107,8.310333333333334
1108,8.320333333333332
1109,8.309333333333333
1110,8.290000000000001
1111,8.272333333333334
1112,8.262666666666668
1113,8.280333333333333
1114,8.307333333333334
1115,8.308000000000002
1116,8.309666666666665
1117,8.284
1118,8.309333333333335
1119,8.323666666666666
1120,8.366999999999997
1121,8.392333333333335
1122,8.396000000000003
1123,8.443333333333333
1124,8.461666666666666
1125,8.455
1126,8.475666666666665
1127,8.486666666666666
1128,8.470666666666668
1129,8.500999999999998
1130,8.531
1131,8.523
1132,8.507666666666667
1133,8.516666666666666
1134,8.522666666666666
1135,8.546666666666665
1136,8.503333333333332
1137,8.549000000000001
1138,8.555333333333332
1139,8.565333333333333
1140,8.586666666666668
1141,8.545666666666664
1142,8.522333333333332
1143,8.519333333333332
1144,8.533999999999999
1145,8.594666666666667
1146,8.611
1147,8.608666666666668
1148,8.569
1149,8.567333333333332
1150,8.564666666666664
1151,8.567666666666666
1152,8.545333333333334
1153,8.552333333333332
1154,8.614666666666666
1155,8.59933333333333
1156,8.600999999999999
1157,8.610333333333333
1158,8.622666666666667
1159,8.609000000000002
1160,8.557333333333336
1161,8.543
1162,8.558333333333334
1163,8.601666666666665
1164,8.621999999999998
1165,8.651666666666667
1166,8.639
1167,8.631666666666666
1168,8.660666666666666
1169,8.647
1170,8.659
1171,8.664333333333333
1172,8.665666666666663
1173,8.671666666666665
1174,8.645333333333333
1175,8.658666666666667
1176,8.694999999999999
1177,8.714666666666666
1178,8.677000000000001
1179,8.686
1180,8.707666666666665
1181,8.719666666666667
1182,8.708000000000002
1183,8.677666666666669
1184,8.686000000000002
1185,8.697333333333336
1186,8.65
1187,8.665
1188,8.663
1189,8.657333333333334
1190,8.651333333333332
1191,8.639666666666667
1192,8.645999999999999
1193,8.665333333333335
1194,8.650666666666668
1195,8.668999999999999
1196,8.692333333333332
1197,8.728333333333335
1198,8.755999999999998
1199,8.738333333333333
1200,8.730666666666666
1201,8.745333333333331
1202,8.753333333333332
1203,8.758000000000001
1204,8.740666666666666
1205,8.78
1206,8.795666666666667
1207,8.804666666666668
1208,8.804333333333334
1209,8.825333333333331
1210,8.904333333333335
1211,8.933999999999997
1212,8.967333333333332
1213,9.009666666666668
1214,9.010666666666667
1215,9.03266666666667
1216,9.039333333333333
1217,9.082333333333334
1218,9.062000000000001
1219,9.062999999999997
1220,9.054666666666664
1221,9.024666666666667
1222,9.029333333333337
1223,9.020666666666667
1224,9.007
1225,9.040666666666665
1226,9.014666666666667
1227,9.042666666666667
1228,9.040333333333335
1229,9.059333333333337
1230,9.065666666666667
1231,9.066333333333334
1232,9.102666666666666
1233,9.088999999999999
1234,9.141666666666667
1235,9.130999999999998
1236,9.167666666666666
1237,9.144666666666668
1238,9.162333333333333
1239,9.143333333333333
1240,9.167666666666666
1241,9.200000000000001
1242,9.227666666666662
1243,9.229000000000003
1244,9.255
1245,9.214666666666666
1246,9.180333333333332
1247,9.140000000000002
1248,9.169999999999998
1249,9.147
1250,9.157
1251,9.163000000000002
1252,9.192666666666666
1253,9.210666666666667
1254,9.168
1255,9.187
1256,9.155000000000001
1257,9.155333333333335
1258,9.158666666666669
1259,9.195666666666666
1260,9.236
1261,9.250333333333334
1262,9.277333333333335
1263,9.275666666666666
1264,9.331
1265,9.330999999999998
1266,9.330999999999998
1267,9.386333333333333
1268,9.356333333333335
1269,9.381666666666668
1270,9.369666666666667
1271,9.34
1272,9.401333333333332
1273,9.419666666666668
1274,9.430333333333332
1275,9.417000000000003
1276,9.434999999999999
1277,9.445666666666664
1278,9.473333333333331
1279,9.497666666666666
1280,9.49933333333333
1281,9.483333333333336
1282,9.49066666666667
1283,9.481999999999998
1284,9.472666666666667
1285,9.493
1286,9.516666666666667
1287,9.530333333333335
1288,9.544666666666666
1289,9.566999999999998
1290,9.578666666666669
1291,9.602333333333336
1292,9.583666666666668
1293,9.598000000000004
1294,9.627999999999998
1295,9.631333333333334
1296,9.601666666666668
1297,9.574666666666669
1298,9.518333333333338
1299,9.533333333333333
1300,9.562333333333333
1301,9.561333333333334
1302,9.560666666666666
1303,9.578666666666667
1304,9.632666666666665
1305,9.650333333333332
1306,9.600999999999999
1307,9.630333333333333
1308,9.648000000000001
1309,9.629666666666669
1310,9.565999999999997
1311,9.556333333333333
1312,9.565999999999997
1313,9.596666666666666
1314,9.590666666666671
1315,9.603333333333333
1316,9.618666666666666
1317,9.58266666666667
1318,9.610000000000001
1319,9.659666666666665
1320,9.651
1321,9.707333333333331
1322,9.711333333333332
1323,9.719666666666667
1324,9.736999999999998
1325,9.722333333333331
1326,9.719000000000001
1327,9.691
1328,9.704666666666668
1329,9.71833333333333
1330,9.707666666666666
1331,9.693333333333335
1332,9.646999999999998
1333,9.660666666666668
1334,9.62433333333333
1335,9.661666666666665
1336,9.647333333333334
1337,9.636333333333335
1338,9.657666666666668
1339,9.667
1340,9.641333333333334
1341,9.630666666666663
1342,9.617666666666668
1343,9.693000000000001
1344,9.726333333333333
1345,9.738
1346,9.80433333333333
1347,9.84966666666667
1348,9.883666666666668
1349,9.922333333333334
1350,9.885666666666669
1351,9.906
1352,9.910666666666668
1353,9.895000000000001
1354,9.905666666666667
1355,9.894666666666666
1356,9.937666666666667
1357,9.941333333333331
1358,10.001666666666667
1359,9.986333333333336
1360,9.986
1361,10.007666666666665
1362,10.006333333333336
1363,9.984333333333334
1364,9.962333333333332
1365,9.985666666666665
1366,9.969000000000001
1367,9.931
1368,9.955666666666666
1369,9.928333333333331
1370,9.934666666666667
1371,9.977666666666664
1372,9.929999999999998
1373,9.924666666666665
1374,9.93833333333333
1375,9.925666666666666
1376,9.915999999999999
1377,9.89766666666667
1378,9.942
1379,9.94233333333333
1380,9.945
1381,9.996999999999996
1382,10.00933333333333
1383,10.041666666666666
1384,10.06766666666667
1385,10.098333333333334
1386,10.121333333333332
1387,10.164000000000003
1388,10.12766666666667
1389,10.10433333333333
1390,10.106333333333335
1391,10.105666666666668
1392,10.153666666666664
1393,10.154666666666664
1394,10.132333333333333
1395,10.139666666666665
1396,10.217999999999998
1397,10.234000000000002
1398,10.280333333333335
1399,10.303333333333335
1400,10.307333333333336
1401,10.319333333333333
1402,10.347666666666667
1403,10.390333333333336
1404,10.392000000000001
1405,10.382666666666665
1406,10.413999999999998
1407,10.394999999999998
1408,10.391666666666667
1409,10.382333333333332
1410,10.38966666666667
1411,10.395000000000001
1412,10.378333333333337
1413,10.321666666666665
1414,10.359666666666666
1415,10.386333333333335
1416,10.367666666666667
1417,10.372666666666667
1418,10.395666666666669
1419,10.38433333333333
1420,10.392999999999999
1421,10.366666666666665
1422,10.376333333333328
1423,10.395666666666665
1424,10.425999999999998
1425,10.429666666666664
1426,10.469333333333335
1427,10.492666666666668
1428,10.499333333333338
1429,10.475666666666667
1430,10.473333333333331
1431,10.494666666666665
1432,10.529000000000002
1433,10.59
1434,10.617666666666668
1435,10.62333333333333
1436,10.608000000000002
1437,10.64033333333333
1438,10.64433333333333
1439,10.705999999999998
1440,10.738333333333335
1441,10.724333333333334
1442,10.773333333333332
1443,10.690999999999999
1444,10.619666666666667
1445,10.631666666666664
1446,10.613
1447,10.621666666666666
1448,10.618666666666668
1449,10.661666666666667
1450,10.749333333333333
1451,10.735999999999999
1452,10.73333333333333
1453,10.742999999999997
1454,10.782666666666666
1455,10.782
1456,10.787666666666667
1457,10.783999999999999
1458,10.761000000000001
1459,10.756666666666666
1460,10.736666666666668
1461,10.741000000000003
1462,10.715
1463,10.703999999999997
1464,10.701333333333334
1465,10.725333333333332
1466,10.740999999999998
1467,10.750666666666666
1468,10.716
1469,10.731666666666667
1470,10.741999999999999
1471,10.735666666666667
1472,10.764666666666667
1473,10.795333333333332
1474,10.793999999999999
1475,10.818333333333335
1476,10.840333333333335
1477,10.84366666666667
1478,10.841000000000003
1479,10.791000000000002
1480,10.775666666666668
1481,10.739
1482,10.749999999999998
1483,10.732000000000001
1484,10.725666666666665
1485,10.66933333333333
1486,10.655666666666667
1487,10.613666666666665
1488,10.681666666666667
1489,10.716666666666665
1490,10.706333333333335
1491,10.719333333333333
1492,10.660333333333332
1493,10.696333333333335
1494,10.730333333333336
1495,10.714000000000002
1496,10.655666666666667
1497,10.671666666666665
1498,10.661999999999999
1499,10.658666666666667
1500,10.639999999999999
1501,10.638000000000002
1502,10.592999999999996
1503,10.559333333333335
1504,10.573
1505,10.57633333333333
1506,10.573333333333334
1507,10.577333333333332
1508,10.624333333333334
1509,10.638666666666666
1510,10.671333333333333
1511,10.647333333333332
1512,10.63833333333334
1513,10.640000000000004
1514,10.585999999999997
1515,10.571666666666667
1516,10.590666666666667
1517,10.600666666666664
1518,10.572666666666665
1519,10.598333333333334
1520,10.586333333333332
1521,10.555333333333333
1522,10.558
1523,10.54033333333333
1524,10.552333333333333
1525,10.540666666666663
1526,10.513333333333332
1527,10.518666666666665
1528,10.497666666666667
1529,10.49
1530,10.503666666666668
1531,10.527666666666667
1532,10.561666666666667
1533,10.558000000000003
1534,10.505666666666663
1535,10.478333333333335
1536,10.506333333333334
1537,10.498333333333331
1538,10.5
1539,10.46466666666667
1540,10.458333333333332
1541,10.489666666666665
1542,10.458666666666664
1543,10.507000000000001
1544,10.554666666666666
1545,10.626666666666665
1546,10.703
1547,10.673333333333336
1548,10.671666666666665
1549,10.655333333333335
1550,10.635666666666664
1551,10.659333333333333
1552,10.670666666666671
1553,10.664666666666665
1554,10.625666666666666
1555,10.658999999999999
1556,10.636333333333333
1557,10.666666666666664
1558,10.632666666666669
1559,10.621666666666668
1560,10.616999999999999
1561,10.591
1562,10.616666666666667
1563,10.653
1564,10.662666666666668
1565,10.624666666666664
1566,10.651666666666667
1567,10.661
1568,10.703333333333335
1569,10.701
1570,10.742333333333333
1571,10.736999999999998
1572,10.773666666666667
1573,10.748333333333333
1574,10.756333333333332
1575,10.772333333333332
1576,10.736999999999998
1577,10.747333333333332
1578,10.712
1579,10.79066666666667
1580,10.805000000000001
1581,10.835333333333331
1582,10.871
1583,10.90633333333333
1584,10.896666666666668
1585,10.941999999999998
1586,11.01966666666667
1587,11.048
1588,11.015333333333329
1589,11.006333333333336
1590,11.056999999999997
1591,11.034
1592,11.09933333333333
1593,11.046000000000001
1594,11.037
1595,11.076999999999996
1596,11.089
1597,11.088000000000001
1598,11.096000000000002
1599,11.073666666666666
1600,11.111
1601,11.133
1602,11.161333333333337
1603,11.216666666666665
1604,11.18833333333333
1605,11.201
1606,11.242333333333333
1607,11.264333333333333
1608,11.262666666666668
1609,11.305000000000001
1610,11.269333333333334
1611,11.279333333333334
1612,11.312666666666665
1613,11.33666666666667
1614,11.360333333333333
1615,11.341666666666667
1616,11.359333333333332
1617,11.391333333333334
1618,11.437
1619,11.405
1620,11.422333333333333
1621,11.449999999999998
1622,11.482999999999999
1623,11.526000000000003
1624,11.492333333333333
1625,11.512333333333332
1626,11.536666666666667
1627,11.520000000000001
1628,11.573666666666666
1629,11.627666666666668
1630,11.655333333333335
1631,11.645666666666667
1632,11.573666666666666
1633,11.530000000000001
1634,11.627
1635,11.646333333333336
1636,11.652333333333333
1637,11.622666666666666
1638,11.632000000000003
1639,11.630999999999998
1640,11.645999999999999
1641,11.657333333333332
1642,11.636000000000003
1643,11.604666666666668
1644,11.575999999999997
1645,11.490666666666666
1646,11.436333333333334
1647,11.448
1648,11.457999999999998
1649,11.437666666666667
1650,11.45533333333333
1651,11.419000000000002
1652,11.412333333333333
1653,11.457999999999998
1654,11.469
1655,11.428333333333336
1656,11.452333333333334
1657,11.413333333333334
1658,11.440999999999999
1659,11.437999999999997
1660,11.458333333333334
1661,11.490000000000004
1662,11.508000000000003
1663,11.515000000000002
1664,11.499000000000002
1665,11.552666666666669
1666,11.548000000000002
1667,11.53
1668,11.533666666666667
1669,11.554
1670,11.564999999999998
1671,11.55733333333333
1672,11.498999999999999
1673,11.514
1674,11.493333333333336
1675,11.461666666666664
1676,11.489666666666666
1677,11.504666666666669
1678,11.50933333333333
1679,11.489999999999998
1680,11.504999999999999
1681,11.520000000000001
1682,11.476666666666665
1683,11.451333333333334
1684,11.462666666666667
1685,11.461666666666668
1686,11.427666666666669
1687,11.478666666666669
1688,11.473333333333334
1689,11.492999999999997
1690,11.485333333333335
1691,11.555666666666665
1692,11.531666666666665
1693,11.576000000000002
1694,11.578666666666665
1695,11.591000000000001
1696,11.596333333333332
1697,11.575666666666661
1698,11.603
1699,11.650666666666666
1700,11.627666666666668
1701,11.617333333333331
1702,11.622000000000003
1703,11.589
1704,11.595333333333336
1705,11.56
1706,11.537
1707,11.576333333333336
1708,11.551
1709,11.565333333333335
1710,11.553333333333335
1711,11.571666666666667
1712,11.570333333333334
1713,11.552333333333332
1714,11.561333333333332
1715,11.575999999999999
1716,11.543
1717,11.534666666666668
1718,11.465666666666666
1719,11.469
1720,11.445
1721,11.392999999999997
1722,11.436333333333334
1723,11.402666666666667
1724,11.390333333333334
1725,11.388
1726,11.353666666666665
1727,11.408999999999997
1728,11.361333333333334
1729,11.318000000000001
1730,11.317999999999996
1731,11.334333333333335
1732,11.367999999999999
1733,11.358666666666664
1734,11.300333333333334
1735,11.300000000000002
1736,11.299
1737,11.376333333333331
1738,11.374666666666666
1739,11.369333333333334
1740,11.41066666666667
1741,11.41866666666667
1742,11.418666666666665
1743,11.523666666666669
1744,11.552333333333335
1745,11.577666666666666
1746,11.557999999999998
1747,11.549333333333331
1748,11.604999999999999
1749,11.570333333333338
1750,11.539999999999997
1751,11.577999999999998
1752,11.592999999999998
1753,11.549333333333333
1754,11.542666666666664
1755,11.623666666666669
1756,11.633
1757,11.664666666666667
1758,11.672000000000002
1759,11.721
1760,11.738333333333332
1761,11.783000000000003
1762,11.812333333333337
1763,11.810333333333334
1764,11.831999999999999
1765,11.788333333333332
1766,11.791333333333334
1767,11.812000000000001
1768,11.806333333333336
1769,11.80166666666667
1770,11.810000000000006
1771,11.854333333333333
1772,11.877666666666668
1773,11.898666666666667
1774,11.911
1775,11.949333333333332
1776,11.947333333333335
1777,11.987000000000002
1778,12.012000000000002
1779,12.038666666666668
1780,12.012666666666666
1781,12.012333333333332
1782,12.045666666666666
1783,12.090666666666667
1784,12.094999999999999
1785,12.117666666666668
1786,12.078333333333331
1787,12.01666666666667
1788,12.032000000000002
1789,12.026666666666667
1790,12.009999999999998
1791,11.995999999999999
1792,11.998999999999999
1793,11.959333333333335
1794,11.985999999999999
1795,11.968666666666666
1796,11.997333333333334
1797,12.015999999999998
1798,12.022
1799,12.055333333333332
1800,12.04433333333333
1801,12.102333333333338
1802,12.07233333333333
1803,12.084999999999999
1804,12.103
1805,12.133
1806,12.121333333333334
1807,12.121666666666666
1808,12.114666666666666
1809,12.055
1810,12.080666666666666
1811,12.10266666666667
1812,12.078000000000001
1813,12.096333333333332
1814,12.094333333333333
1815,12.116000000000001
1816,12.158666666666669
1817,12.142
1818,12.205333333333332
1819,12.20066666666667
1820,12.254666666666667
1821,12.348000000000003
1822,12.30033333333333
1823,12.295
1824,12.346666666666666
1825,12.375333333333327
1826,12.444333333333331
1827,12.434333333333335
1828,12.438666666666666
1829,12.466666666666667
1830,12.434666666666667
1831,12.407666666666666
1832,12.431666666666667
1833,12.439333333333332
1834,12.463666666666667
1835,12.426666666666666
1836,12.416666666666668
1837,12.382999999999997
1838,12.342
1839,12.369333333333334
1840,12.347666666666665
1841,12.39033333333333
1842,12.394333333333329
1843,12.314333333333332
1844,12.276666666666666
1845,12.280333333333335
1846,12.308666666666666
1847,12.374666666666666
1848,12.326333333333334
1849,12.352666666666668
1850,12.364666666666666
1851,12.442666666666668
1852,12.45533333333333
1853,12.514000000000003
1854,12.568999999999999
1855,12.490666666666668
1856,12.498666666666667
1857,12.518333333333334
1858,12.518000000000002
1859,12.516999999999996
1860,12.494333333333332
1861,12.482000000000001
1862,12.453666666666665
1863,12.464333333333332
1864,12.416999999999998
1865,12.413000000000002
1866,12.415333333333336
1867,12.384333333333334
1868,12.361666666666668
1869,12.332333333333334
1870,12.301000000000004
1871,12.287333333333333
1872,12.287
1873,12.290999999999999
1874,12.293999999999995
1875,12.261000000000001
1876,12.273666666666667
1877,12.199000000000002
1878,12.214666666666668
1879,12.160999999999994
1880,12.230666666666666
1881,12.246666666666668
1882,12.277999999999999
1883,12.242666666666668
1884,12.259666666666666
1885,12.210666666666665
1886,12.202333333333335
1887,12.200333333333335
1888,12.217
1889,12.20866666666667
1890,12.209
1891,12.191333333333334
1892,12.167666666666666
1893,12.178333333333336
1894,12.172999999999998
1895,12.190000000000001
1896,12.150333333333334
1897,12.228000000000002
1898,12.189666666666664
1899,12.175999999999998
1900,12.167666666666669
1901,12.098666666666666
1902,12.142333333333335
1903,12.124333333333333
1904,12.123333333333335
1905,12.131666666666662
1906,12.175666666666668
1907,12.171
1908,12.195666666666662
1909,12.245000000000001
1910,12.29833333333333
1911,12.336666666666666
1912,12.373
1913,12.411666666666665
1914,12.409666666666665
1915,12.380000000000003
1916,12.390000000000002
1917,12.401000000000002
1918,12.400666666666668
1919,12.362666666666666
1920,12.377333333333334
1921,12.374333333333333
1922,12.376333333333331
1923,12.409999999999998
1924,12.38466666666667
1925,12.37166666666667
1926,12.347666666666667
1927,12.337333333333332
1928,12.321333333333335
1929,12.315666666666662
1930,12.346333333333336
1931,12.360333333333333
1932,12.394333333333334
1933,12.451333333333332
1934,12.456
1935,12.461333333333334
1936,12.498000000000001
1937,12.524666666666667
1938,12.601
1939,12.617999999999999
1940,12.590333333333335
1941,12.537
1942,12.555
1943,12.55466666666667
1944,12.620000000000001
1945,12.599666666666666
1946,12.555
1947,12.541
1948,12.519
1949,12.530333333333333
1950,12.565666666666665
1951,12.493666666666668
1952,12.508000000000004
1953,12.482
1954,12.423
1955,12.449000000000002
1956,12.439
1957,12.453000000000001
1958,12.454000000000006
1959,12.505666666666665
1960,12.509666666666666
1961,12.433333333333335
1962,12.454666666666668
1963,12.46033333333333
1964,12.501333333333337
1965,12.505666666666663
1966,12.534999999999998
1967,12.554999999999998
1968,12.598666666666672
1969,12.645666666666669
1970,12.631666666666666
1971,12.607000000000003
1972,12.625333333333336
1973,12.644333333333334
1974,12.668666666666667
1975,12.716999999999997
1976,12.716666666666669
1977,12.778999999999998
1978,12.76933333333333
1979,12.78133333333333
1980,12.786333333333337
1981,12.724333333333334
1982,12.694999999999999
1983,12.698666666666666
1984,12.712666666666669
1985,12.727
1986,12.786333333333333
1987,12.774333333333336
1988,12.741333333333335
1989,12.726333333333333
1990,12.811666666666671
1991,12.805666666666665
1992,12.865000000000002
1993,12.925
1994,12.864
1995,12.838000000000001
1996,12.882333333333333
1997,12.824000000000002
1998,12.850000000000001
1999,12.854000000000001
2000,12.913
2001,12.929000000000002
2002,12.925333333333333
2003,12.926333333333336
2004,12.992333333333333
2005,13.004333333333332
2006,12.949333333333334
2007,12.934333333333333
2008,12.946
2009,12.935333333333334
2010,12.873666666666667
2011,12.850666666666665
2012,12.918999999999995
2013,12.853
2014,12.91966666666667
2015,12.91066666666667
2016,12.915999999999999
2017,12.928999999999998
2018,12.932
2019,13.021333333333335
2020,13.040999999999999
2021,13.062666666666669
2022,13.033999999999999
2023,13.009000000000002
2024,12.978999999999996
2025,12.983999999999998
2026,12.996333333333334
2027,12.991666666666669
2028,13.020666666666667
2029,13.033999999999999
2030,13.030666666666669
2031,13.04
2032,13.013666666666662
2033,13.005
2034,13.023
2035,13.018333333333329
2036,12.995333333333337
2037,12.996333333333332
2038,12.972666666666667
2039,12.999333333333336
2040,13.015666666666664
2041,13.024333333333333
2042,13.014999999999999
2043,13.038999999999998
2044,13.001666666666667
2045,13.065666666666663
2046,13.128666666666666
2047,13.082333333333334
2048,13.091333333333333
2049,13.082666666666663
2050,13.075333333333335
2051,13.120000000000001
2052,13.08666666666667
2053,13.102333333333332
2054,13.121000000000002
2055,13.118333333333334
2056,13.16133333333333
2057,13.146333333333333
2058,13.156000000000002
2059,13.065666666666669
2060,13.075
2061,13.142333333333337
2062,13.119333333333334
2063,13.110000000000003
2064,13.169333333333332
2065,13.141999999999998
2066,13.122666666666666
2067,13.164666666666667
2068,13.158999999999999
2069,13.126333333333333
2070,13.158999999999997
2071,13.213333333333331
2072,13.219333333333335
2073,13.190333333333333
2074,13.196666666666664
2075,13.172000000000002
2076,13.132
2077,13.113666666666663
2078,13.095333333333334
2079,13.169333333333336
2080,13.142333333333333
2081,13.213
2082,13.198999999999996
2083,13.232999999999999
2084,13.243
2085,13.281000000000002
2086,13.257666666666665
2087,13.279333333333335
2088,13.262999999999996
2089,13.32
2090,13.200333333333337
2091,13.199000000000002
2092,13.201333333333338
2093,13.169000000000002
2094,13.219000000000001
2095,13.221333333333337
2096,13.247666666666667
2097,13.251666666666665
2098,13.240666666666666
2099,13.19133333333333
2100,13.163333333333334
2101,13.179666666666668
2102,13.230666666666668
2103,13.234666666666664
2104,13.178999999999998
2105,13.136000000000001
2106,13.154333333333332
2107,13.107666666666669
2108,13.068666666666667
2109,13.091999999999997
2110,13.096333333333332
2111,13.071333333333335
2112,12.999333333333336
2113,13.033666666666669
2114,12.996000000000004
2115,13.055666666666664
2116,13.049666666666667
2117,13.02266666666667
2118,12.979000000000001
2119,12.945666666666664
2120,12.925
2121,12.858999999999998
2122,12.895666666666667
2123,12.92966666666667
2124,12.991666666666667
2125,13.001666666666667
2126,13.034333333333334
2127,13.029
2128,13.066333333333334
2129,13.077
2130,13.107
2131,13.141999999999994
2132,13.166333333333336
2133,13.149666666666665
2134,13.095666666666666
2135,13.177666666666664
2136,13.179666666666666
2137,13.175666666666668
2138,13.158333333333333
2139,13.086000000000004
2140,13.118
2141,13.127999999999998
2142,13.138666666666664
2143,13.131333333333332
2144,13.125333333333334
2145,13.073333333333332
2146,13.064333333333334
2147,13.061000000000002
2148,13.060999999999998
2149,13.068666666666669
2150,13.099666666666671
2151,13.054666666666668
2152,13.059999999999997
2153,13.031333333333334
2154,13.051666666666664
2155,13.092
2156,13.050999999999998
2157,13.06033333333333
2158,13.072333333333335
2159,13.121666666666668
2160,13.124000000000004
2161,13.139999999999997
2162,13.123999999999999
2163,13.123666666666669
2164,13.021333333333327
2165,13.021333333333331
2166,13.008333333333333
2167,12.982333333333338
2168,12.978
2169,13.022333333333338
2170,12.988333333333337
2171,12.987333333333337
2172,12.982666666666663
2173,13.012666666666666
2174,13.074666666666667
2175,13.087666666666667
2176,13.154
2177,13.221333333333332
2178,13.265666666666668
2179,13.210333333333331
2180,13.211333333333338
2181,13.260666666666667
2182,13.271333333333336
2183,13.286333333333339
2184,13.238333333333333
2185,13.201666666666664
2186,13.208666666666662
2187,13.267666666666665
2188,13.355333333333334
2189,13.312666666666667
2190,13.363000000000001
2191,13.376333333333333
2192,13.391999999999998
2193,13.417666666666667
2194,13.404333333333334
2195,13.428666666666668
2196,13.402333333333331
2197,13.386000000000001
2198,13.462000000000005
2199,13.505666666666665
2200,13.532666666666666
2201,13.568333333333335
2202,13.543666666666663
2203,13.559333333333333
2204,13.568666666666667
2205,13.65
2206,13.667
2207,13.768333333333333
2208,13.822000000000003
2209,13.862
2210,13.899333333333335
2211,13.934666666666667
2212,13.925000000000002
2213,13.921666666666663
2214,13.990999999999998
2215,13.975999999999999
2216,13.981333333333334
2217,14.04566666666667
2218,14.081333333333331
2219,14.133999999999997
2220,14.178999999999998
2221,14.222333333333331
2222,14.231333333333335
2223,14.250000000000002
2224,14.244666666666665
2225,14.26633333333333
2226,14.251000000000001
2227,14.317000000000004
2228,14.27866666666667
2229,14.31033333333333
2230,14.324333333333335
2231,14.269666666666666
2232,14.232000000000003
2233,14.255333333333336
2234,14.309666666666669
2235,14.335
2236,14.339333333333336
2237,14.320999999999994
2238,14.326333333333334
2239,14.387
2240,14.396666666666665
2241,14.478666666666667
2242,14.502666666666666
2243,14.476999999999999
2244,14.597
2245,14.648666666666664
2246,14.65366666666666
2247,14.679
2248,14.745
2249,14.807
2250,14.787333333333331
2251,14.767
2252,14.814666666666664
2253,14.822333333333335
2254,14.835
2255,14.839
2256,14.884333333333332
2257,14.869333333333334
2258,14.934333333333331
2259,14.994333333333335
2260,15.037999999999998
2261,14.969999999999997
2262,15.058333333333332
2263,15.085999999999995
2264,15.184666666666663
2265,15.264000000000001
2266,15.3
2267,15.43266666666667
2268,15.517333333333331
2269,15.494666666666665
2270,15.6
2271,15.577999999999996
2272,15.595333333333336
2273,15.575333333333333
2274,15.519000000000002
2275,15.535000000000002
2276,15.484666666666666
2277,15.432333333333334
2278,15.402
2279,15.430666666666664
2280,15.514333333333328
2281,15.49866666666667
2282,15.517
2283,15.563999999999997
2284,15.579666666666666
2285,15.662333333333331
2286,15.723333333333334
2287,15.67666666666667
2288,15.658666666666667
2289,15.667333333333334
2290,15.665333333333333
2291,15.698666666666666
2292,15.687000000000001
2293,15.665333333333331
2294,15.722
2295,15.721
2296,15.706666666666667
2297,15.732666666666669
2298,15.658999999999999
2299,15.631666666666666
2300,15.601666666666661
2301,15.587666666666665
2302,15.580333333333332
2303,15.564333333333332
2304,15.575999999999999
2305,15.502999999999998
2306,15.481999999999996
2307,15.465333333333326
2308,15.451
2309,15.435333333333336
2310,15.464999999999998
2311,15.432333333333332
2312,15.454666666666668
2313,15.472333333333333
2314,15.40733333333333
2315,15.390000000000002
2316,15.386999999999995
2317,15.324333333333335
2318,15.387000000000002
2319,15.34266666666667
2320,15.272666666666668
2321,15.285666666666662
2322,15.29633333333333
2323,15.269666666666668
2324,15.42666666666667
2325,15.359333333333334
2326,15.38433333333333
2327,15.376666666666665
2328,15.388666666666667
2329,15.348333333333334
2330,15.346333333333332
2331,15.360333333333331
2332,15.429333333333334
2333,15.413333333333329
2334,15.427000000000001
2335,15.338000000000006
2336,15.32066666666667
2337,15.303666666666665
2338,15.312999999999999
2339,15.311000000000003
2340,15.264333333333331
2341,15.184000000000001
2342,15.219666666666667
2343,15.283666666666669
2344,15.199333333333334
2345,15.152333333333335
2346,15.135666666666669
2347,15.15366666666666
2348,15.110333333333337
2349,15.073000000000004
2350,15.079
2351,15.118
2352,15.111666666666666
2353,15.083666666666666
2354,15.058333333333332
2355,15.044333333333334
2356,15.078999999999999
2357,15.086333333333334
2358,15.009666666666666
2359,14.922666666666668
2360,14.928000000000003
2361,14.972666666666667
2362,14.900333333333332
2363,14.930333333333332
2364,14.897666666666664
2365,14.916333333333334
2366,14.965000000000002
2367,14.841666666666667
2368,14.853000000000003
2369,14.927333333333335
2370,14.87266666666667
2371,14.899333333333335
2372,14.890333333333334
2373,14.899666666666665
2374,14.933666666666666
2375,14.943000000000001
2376,14.981
2377,14.998333333333337
2378,15.042666666666667
2379,15.035333333333334
2380,14.944666666666668
2381,14.877333333333333
2382,14.850333333333333
2383,14.767999999999999
2384,14.816666666666661
2385,14.748999999999999
2386,14.694666666666667
2387,14.708333333333334
2388,14.696333333333333
2389,14.741999999999997
2390,14.724666666666668
2391,14.732333333333337
2392,14.72166666666667
2393,14.752333333333329
2394,14.761333333333335
2395,14.767333333333335
2396,14.777333333333335
2397,14.806000000000001
2398,14.815999999999999
2399,14.794333333333334
2400,14.829000000000002
2401,14.842
2402,14.837999999999997
2403,14.927
2404,15.004666666666669
2405,15.072666666666667
2406,15.117333333333333
2407,15.088333333333335
2408,15.164000000000003
2409,15.110333333333333
2410,15.109666666666662
2411,15.108999999999998
2412,15.108000000000004
2413,15.121000000000002
2414,15.151666666666664
2415,15.250666666666667
2416,15.320666666666671
2417,15.347666666666667
2418,15.404666666666662
2419,15.461333333333336
2420,15.449333333333335
2421,15.452666666666666
2422,15.44833333333333
2423,15.484333333333328
2424,15.293333333333331
2425,15.356
2426,15.248666666666669
2427,15.165999999999999
2428,15.174666666666669
2429,15.157333333333332
2430,15.173000000000002
2431,15.159999999999997
2432,15.092333333333334
2433,15.18
2434,15.274333333333335
2435,15.299666666666669
2436,15.419333333333332
2437,15.488333333333332
2438,15.461999999999998
2439,15.506
2440,15.543333333333335
2441,15.588
2442,15.556000000000003
2443,15.523333333333332
2444,15.525333333333334
2445,15.547333333333334
2446,15.537666666666665
2447,15.53
2448,15.58066666666667
2449,15.62833333333333
2450,15.581666666666667
2451,15.627666666666668
2452,15.640000000000002
2453,15.704666666666666
2454,15.694999999999999
2455,15.729333333333335
2456,15.655999999999999
2457,15.71166666666667
2458,15.731666666666666
2459,15.733666666666668
2460,15.750666666666667
2461,15.831999999999997
2462,15.850666666666664
2463,15.855
2464,15.84866666666667
2465,15.804666666666662
2466,15.782000000000004
2467,15.775333333333338
2468,15.773333333333332
2469,15.794333333333334
2470,15.802999999999995
2471,15.923666666666662
2472,15.906
2473,15.888333333333334
2474,15.992999999999995
2475,15.94833333333334
2476,15.94566666666667
2477,15.958333333333334
2478,15.964000000000004
2479,16.02466666666667
2480,16.066
2481,16.066666666666666
2482,16.115000000000006
2483,16.171666666666663
2484,16.268666666666665
2485,16.304666666666666
2486,16.322666666666667
2487,16.342666666666663
2488,16.415666666666667
2489,16.354666666666663
2490,16.396666666666665
2491,16.346
2492,16.321333333333335
2493,16.34133333333334
2494,16.313
2495,16.305666666666664
2496,16.294666666666664
2497,16.339999999999993
2498,16.414333333333328
2499,16.412
2500,16.470333333333333
2501,16.445
2502,16.496333333333336
2503,16.51466666666666
2504,16.455
2505,16.506999999999998
2506,16.48033333333333
2507,16.50733333333333
2508,16.414333333333335
2509,16.45366666666667
2510,16.463000000000005
2511,16.47933333333334
2512,16.497666666666667
2513,16.447333333333333
2514,16.410666666666668
2515,16.338666666666665
2516,16.377333333333333
2517,16.413666666666668
2518,16.321
2519,16.265666666666664
2520,16.30733333333333
2521,16.33733333333333
2522,16.360666666666667
2523,16.328333333333337
2524,16.404333333333334
2525,16.448
2526,16.562000000000005
2527,16.681333333333335
2528,16.639333333333333
2529,16.644333333333336
2530,16.61766666666667
2531,16.638
2532,16.68
2533,16.569333333333333
2534,16.49366666666667
2535,16.455666666666666
2536,16.424333333333333
2537,16.395
2538,16.49
2539,16.454666666666665
2540,16.51
2541,16.474
2542,16.492333333333338
2543,16.48366666666667
2544,16.519000000000002
2545,16.551666666666662
2546,16.627333333333333
2547,16.639999999999997
2548,16.654
2549,16.625333333333334
2550,16.646
2551,16.601333333333333
2552,16.608999999999998
2553,16.608666666666668
2554,16.652666666666665
2555,16.665333333333333
2556,16.70433333333333
2557,16.661999999999995
2558,16.71566666666667
2559,16.787
2560,16.759666666666668
2561,16.72233333333333
2562,16.74566666666667
2563,16.72366666666667
2564,16.755000000000003
2565,16.756333333333334
2566,16.77733333333333
2567,16.801666666666666
2568,16.79433333333333
2569,16.759666666666668
2570,16.767
2571,16.591
2572,16.659
2573,16.661
2574,16.52033333333333
2575,16.568333333333335
2576,16.565
2577,16.522333333333336
2578,16.513333333333332
2579,16.502
2580,16.544333333333334
2581,16.616333333333333
2582,16.633000000000003
2583,16.667
2584,16.557666666666666
2585,16.56566666666667
2586,16.560000000000006
2587,16.60033333333333
2588,16.74266666666667
2589,16.855
2590,16.865333333333336
2591,16.909666666666666
2592,16.936
2593,16.915
2594,16.917000000000005
2595,17.01166666666667
2596,17.032666666666664
2597,16.95666666666667
2598,16.89333333333333
2599,16.971
2600,16.96366666666667
2601,16.96233333333333
2602,17.013333333333335
2603,16.924333333333333
2604,16.929999999999996
2605,17.00533333333333
2606,17.05
2607,17.051
2608,17.079
2609,17.083666666666666
2610,17.07766666666667
2611,17.086999999999996
2612,17.149333333333335
2613,17.22333333333334
2614,17.263666666666666
2615,17.228666666666662
2616,17.118666666666666
2617,17.190666666666665
2618,17.252
2619,17.34733333333334
2620,17.439333333333334
2621,17.398666666666667
2622,17.48066666666666
2623,17.497
2624,17.467
2625,17.397
2626,17.299666666666667
2627,17.270333333333333
2628,17.322
2629,17.37033333333333
2630,17.442333333333337
2631,17.509333333333334
2632,17.513333333333332
2633,17.571
2634,17.532666666666668
2635,17.697999999999997
2636,17.754333333333328
2637,17.891333333333332
2638,17.85866666666667
2639,17.959999999999997
2640,17.947666666666667
2641,18.034
2642,18.12333333333333
2643,18.205666666666666
2644,18.213333333333335
2645,18.243333333333336
2646,18.276666666666674
2647,18.326333333333327
2648,18.273
2649,18.282666666666664
2650,18.32833333333333
2651,18.38
2652,18.35266666666666
2653,18.396666666666665
2654,18.389333333333333
2655,18.371999999999996
2656,18.36733333333333
2657,18.41966666666666
2658,18.365333333333332
2659,18.371333333333332
2660,18.423333333333336
2661,18.410999999999998
2662,18.528000000000006
2663,18.545666666666666
2664,18.562
2665,18.618999999999996
2666,18.572
2667,18.677000000000003
2668,18.750000000000004
2669,18.769666666666673
2670,18.765333333333338
2671,18.772
2672,18.731999999999996
2673,18.786000000000005
2674,18.922000000000004
2675,18.94733333333333
2676,18.999666666666666
2677,19.080333333333332
2678,19.086
2679,19.05066666666666
2680,19.011666666666663
2681,18.96633333333333
2682,18.96933333333333
2683,18.905333333333335
2684,18.946
2685,18.973666666666663
2686,19.053333333333335
2687,19.061
2688,18.942
2689,18.95333333333333
2690,19.01633333333333
2691,19.002666666666666
2692,19.153333333333332
2693,19.203000000000007
2694,19.275
2695,19.27033333333333
2696,19.293999999999997
2697,19.336666666666666
2698,19.351666666666667
2699,19.327333333333335
2700,19.317
2701,19.445
2702,19.406999999999996
2703,19.469
2704,19.464666666666666
2705,19.331666666666663
2706,19.326666666666664
2707,19.326333333333327
2708,19.417333333333332
2709,19.402333333333335
2710,19.475000000000005
2711,19.57
2712,19.55733333333333
2713,19.619666666666667
2714,19.733666666666668
2715,19.860666666666663
2716,19.90500000000001
2717,19.800333333333334
2718,19.77633333333333
2719,19.915
2720,19.887999999999998
2721,19.910000000000004
2722,19.77033333333333
2723,19.79
2724,19.833666666666666
2725,19.933
2726,20.058666666666664
2727,20.121
2728,20.198
2729,20.17366666666667
2730,20.097
2731,20.01933333333334
2732,20.041000000000004
2733,20.125999999999994
2734,20.171333333333337
2735,20.111333333333334
2736,20.045666666666666
2737,20.00633333333333
2738,19.971999999999998
2739,19.881666666666668
2740,19.86333333333333
2741,19.803333333333338
2742,19.710333333333338
2743,19.623333333333335
2744,19.575666666666674
2745,19.577
2746,19.60899999999999
2747,19.650333333333332
2748,19.669999999999998
2749,19.711333333333336
2750,19.705333333333332
2751,19.69666666666667
2752,19.76933333333333
2753,19.79866666666667
2754,19.81
2755,19.799666666666663
2756,19.834
2757,19.818
2758,19.884333333333323
2759,19.887999999999998
2760,19.846333333333334
2761,19.85
2762,19.826
2763,19.82566666666667
2764,19.773333333333333
2765,19.721000000000004
2766,19.71266666666667
2767,19.663333333333334
2768,19.575000000000003
2769,19.630333333333333
2770,19.625666666666667
2771,19.689000000000007
2772,19.694000000000003
2773,19.68566666666667
2774,19.585333333333335
2775,19.565000000000005
2776,19.54366666666666
2777,19.480666666666664
2778,19.458666666666666
2779,19.50133333333334
2780,19.51933333333333
2781,19.643333333333334
2782,19.650666666666666
2783,19.68466666666667
2784,19.66666666666667
2785,19.63066666666667
2786,19.617
2787,19.535333333333337
2788,19.42933333333333
2789,19.35533333333333
2790,19.392000000000003
2791,19.425999999999995
2792,19.312666666666665
2793,19.360333333333333
2794,19.343333333333327
2795,19.366000000000003
2796,19.404999999999994
2797,19.379666666666665
2798,19.463
2799,19.475666666666665
2800,19.494666666666664
2801,19.372999999999994
2802,19.36433333333333
2803,19.397666666666662
2804,19.493000000000006
2805,19.524000000000004
2806,19.569000000000003
2807,19.748333333333335
2808,19.66466666666666
2809,19.73333333333333
2810,19.656666666666673
2811,19.712333333333333
2812,19.665333333333333
2813,19.692333333333337
2814,19.604333333333336
2815,19.551
2816,19.680333333333333
2817,19.693333333333335
2818,19.66766666666667
2819,19.507000000000005
2820,19.471333333333334
2821,19.52366666666666
2822,19.652333333333335
2823,19.764666666666667
2824,19.78133333333333
2825,19.750666666666664
2826,19.791
2827,19.787333333333336
2828,19.737
2829,19.779666666666667
2830,19.866333333333333
2831,19.912
2832,19.920666666666666
2833,19.833333333333336
2834,19.869333333333337
2835,19.83333333333334
2836,19.794999999999998
2837,19.711999999999996
2838,19.863
2839,19.907999999999994
2840,19.863999999999997
2841,19.967999999999996
2842,20.015333333333334
2843,20.140666666666668
2844,20.196
2845,20.218666666666667
2846,20.122999999999994
2847,20.09466666666667
2848,20.113333333333333
2849,20.09
2850,20.117333333333345
2851,20.140333333333334
2852,20.243333333333332
2853,20.287333333333333
2854,20.339333333333336
2855,20.417666666666666
2856,20.37933333333334
2857,20.36433333333333
2858,20.33533333333333
2859,20.34266666666667
2860,20.369666666666667
2861,20.364000000000008
2862,20.418999999999997
2863,20.46266666666667
2864,20.632666666666662
2865,20.728333333333335
2866,20.767
2867,20.766
2868,20.8
2869,20.792666666666673
2870,20.831000000000007
2871,20.960666666666665
2872,20.982333333333333
2873,21.031666666666673
2874,21.099666666666664
2875,21.12966666666666
2876,21.22366666666667
2877,21.343666666666667
2878,21.333999999999996
2879,21.380333333333333
2880,21.453
2881,21.478333333333335
2882,21.516000000000005
2883,21.490666666666662
2884,21.457333333333334
2885,21.520333333333337
2886,21.564000000000007
2887,21.693333333333335
2888,21.83366666666667
2889,21.882
2890,21.782333333333334
2891,21.77866666666667
2892,21.748333333333335
2893,21.743
2894,21.77866666666667
2895,21.76066666666667
2896,21.71
2897,21.759666666666664
2898,21.75133333333333
2899,21.765
2900,21.740666666666673
2901,21.783666666666672
2902,21.788999999999998
2903,21.704333333333338
2904,21.748666666666672
2905,21.798333333333336
2906,21.735666666666667
2907,21.575333333333326
2908,21.728
2909,21.811000000000003
2910,21.901333333333334
2911,21.859666666666666
2912,21.897666666666666
2913,21.84233333333333
2914,21.812666666666658
2915,21.873333333333335
2916,21.794666666666664
2917,21.90833333333334
2918,22.035666666666668
2919,22.01133333333333
2920,22.040000000000006
2921,22.055666666666674
2922,22.036
2923,21.928999999999995
2924,21.945666666666668
2925,22.063666666666673
2926,21.975
2927,22.054666666666662
2928,22.059333333333335
2929,22.008
2930,21.96833333333333
2931,22.012
2932,22.05366666666667
2933,22.15366666666666
2934,22.124
2935,22.15333333333333
2936,22.18466666666667
2937,22.196666666666662
2938,22.194666666666663
2939,22.247666666666664
2940,22.39133333333334
2941,22.304333333333336
2942,22.339666666666673
2943,22.295
2944,22.324333333333335
2945,22.314333333333334
2946,22.380000000000003
2947,22.452000000000005
2948,22.522333333333332
2949,22.613666666666674
2950,22.57766666666667
2951,22.540666666666667
2952,22.380333333333333
2953,22.273666666666667
2954,22.29733333333333
2955,22.312999999999995
2956,22.353666666666676
2957,22.37166666666667
2958,22.354666666666667
2959,22.253666666666664
2960,22.287999999999997
2961,22.326
2962,22.249666666666663
2963,22.214666666666666
2964,22.08833333333333
2965,21.996333333333336
2966,21.949333333333332
2967,21.945000000000007
2968,21.969999999999995
2969,21.958666666666662
2970,21.889666666666667
2971,21.806333333333335
2972,21.74866666666667
2973,21.78666666666667
2974,21.792666666666662
2975,21.857666666666667
2976,21.78233333333333
2977,21.869333333333334
2978,21.89933333333333
2979,21.850333333333335
2980,21.810999999999996
2981,21.744333333333334
2982,21.74666666666666
2983,21.927999999999997
2984,21.997999999999994
2985,22.025
2986,22.051666666666662
2987,21.998
2988,21.91366666666666
2989,21.854000000000006
2990,21.958333333333332
2991,22.145
2992,22.17166666666667
2993,22.136999999999997
2994,22.125
2995,22.133
2996,22.238333333333326
2997,22.28566666666666
2998,22.36933333333333
2999,22.44266666666666
3000,22.57433333333334
3001,22.557999999999996
3002,22.640333333333338
3003,22.68
3004,22.548000000000002
3005,22.563999999999997
3006,22.815333333333335
3007,22.788666666666668
3008,22.659000000000002
3009,22.55433333333333
3010,22.509666666666657
3011,22.486666666666668
3012,22.508999999999997
3013,22.64433333333333
3014,22.758333333333333
3015,22.702666666666676
3016,22.705000000000002
3017,22.63799999999999
3018,22.513666666666666
3019,22.57
3020,22.579
3021,22.70066666666666
3022,22.767000000000003
3023,22.830000000000002
3024,22.73633333333333
3025,22.608333333333338
3026,22.67666666666667
3027,22.660666666666664
3028,22.738666666666663
3029,22.90333333333333
3030,22.902666666666665
3031,22.904666666666667
3032,22.893666666666665
3033,22.867000000000008
3034,22.99266666666667
3035,23.023666666666667
3036,23.05833333333333
3037,23.222333333333335
3038,23.204
3039,23.139000000000003
3040,23.130999999999997
3041,23.213666666666665
3042,23.139333333333337
3043,23.139666666666667
3044,23.12466666666667
3045,23.163333333333338
3046,23.18633333333333
3047,23.09833333333334
3048,23.137000000000004
3049,23.112333333333332
3050,23.331666666666663
3051,23.398999999999997
3052,23.440999999999995
3053,23.510333333333335
3054,23.47233333333334
3055,23.496999999999996
3056,23.532999999999998
3057,23.52
3058,23.547666666666668
3059,23.632666666666662
3060,23.59333333333334
3061,23.60666666666667
3062,23.535666666666668
3063,23.60533333333333
3064,23.773999999999994
3065,23.80233333333333
3066,23.90266666666667
3067,23.983333333333334
3068,24.025333333333332
3069,23.967000000000002
3070,24.09233333333333
3071,24.149666666666665
3072,24.31166666666666
3073,24.258666666666667
3074,24.264333333333333
3075,24.34033333333333
3076,24.372333333333334
3077,24.265333333333338
3078,24.305
3079,24.40633333333333
3080,24.545333333333335
3081,24.475
3082,24.47133333333333
3083,24.344666666666665
3084,24.491
3085,24.512999999999998
3086,24.41333333333333
3087,24.34
3088,24.39566666666667
3089,24.514666666666663
3090,24.595666666666673
3091,24.477
3092,24.485000000000003
3093,24.432999999999996
3094,24.411999999999995
3095,24.548666666666666
3096,24.446333333333335
3097,24.401999999999997
3098,24.349333333333334
3099,24.330666666666655
3100,24.168666666666674
3101,24.180000000000003
3102,24.24333333333334
3103,24.277333333333328
3104,24.335999999999995
3105,24.247333333333337
3106,24.109666666666673
3107,24.175666666666665
3108,24.30866666666666
3109,24.47166666666667
3110,24.498000000000005
3111,24.464000000000002
3112,24.639333333333337
3113,24.552333333333326
3114,24.53966666666667
3115,24.572333333333333
3116,24.65000000000001
3117,24.668
3118,24.757666666666672
3119,24.82666666666666
3120,24.77733333333333
3121,24.67166666666667
3122,24.642333333333333
3123,24.743000000000002
3124,24.84366666666667
3125,24.887999999999998
3126,24.849
3127,24.793333333333337
3128,24.795333333333325
3129,24.834333333333344
3130,24.814999999999994
3131,24.872666666666667
3132,24.96466666666667
3133,24.993333333333336
3134,24.982666666666674
3135,25.033000000000005
3136,25.112999999999996
3137,24.920666666666662
3138,24.960000000000004
3139,24.98766666666667
3140,24.956999999999997
3141,25.087666666666667
3142,25.226000000000003
3143,25.409999999999993
3144,25.41
3145,25.465333333333334
3146,25.56733333333334
3147,25.693333333333328
3148,25.6
3149,25.612
3150,25.39066666666666
3151,25.431666666666672
3152,25.498666666666676
3153,25.55333333333333
3154,25.55333333333333
3155,25.60133333333333
3156,25.750666666666667
3157,25.845333333333336
3158,25.890999999999995
3159,25.983999999999998
3160,26.01866666666666
3161,26.04433333333333
3162,26.13033333333333
3163,26.090333333333334
3164,25.983333333333338
3165,26.036999999999995
3166,26.15966666666667
3167,26.10033333333333
3168,26.190999999999995
3169,26.266999999999996
3170,26.292333333333325
3171,26.261666666666667
3172,26.22766666666666
3173,26.18733333333333
3174,26.27533333333332
3175,26.21500000000001
3176,26.346666666666668
3177,26.49866666666666
3178,26.605999999999998
3179,26.59266666666666
3180,26.446
3181,26.752333333333333
3182,26.766333333333332
3183,26.77766666666667
3184,26.74366666666667
3185,26.84533333333334
3186,27.027000000000005
3187,27.145333333333337
3188,27.141666666666666
3189,27.151999999999997
3190,27.075333333333333
3191,27.142333333333333
3192,27.326666666666668
3193,27.401333333333337
3194,27.432666666666663
3195,27.327666666666662
3196,27.43233333333334
3197,27.490333333333336
3198,27.565
3199,27.572
3200,27.646999999999995
3201,27.689
3202,27.638333333333332
3203,27.724000000000007
3204,27.793
3205,27.882000000000005
3206,27.85466666666667
3207,27.981666666666666
3208,27.989333333333335
3209,27.836666666666666
