Episode,Average Reward
1,0
2,0
3,0
4,0
5,0
6,0
7,0
8,0
9,0
10,0
11,0
12,0
13,0
14,0
15,0
16,0
17,0
18,0
19,0
20,0
21,0
22,0
23,0
24,0
25,0
26,0
27,0
28,0
29,0
30,0
31,0
32,0
33,0
34,0
35,0
36,0
37,0
38,0
39,0
40,0
41,0
42,0
43,0
44,0
45,0
46,0
47,0
48,0
49,0
50,0
51,0
52,0
53,0
54,0
55,0
56,0
57,0
58,0
59,0
60,0
61,0
62,0
63,0
64,0
65,0
66,0
67,0
68,0
69,0
70,0
71,0
72,0
73,0
74,0
75,0
76,0
77,0
78,0
79,0
80,0
81,0
82,0
83,0
84,0
85,0
86,0
87,0
88,0
89,0
90,0
91,0
92,0
93,0
94,0
95,0
96,0
97,0
98,0
99,0
100,-1.4
101,-1.38
102,-1.4
103,-1.44
104,-1.42
105,-1.42
106,-1.4
107,-1.42
108,-1.44
109,-1.46
110,-1.44
111,-1.46
112,-1.46
113,-1.46
114,-1.44
115,-1.42
116,-1.4
117,-1.4
118,-1.4
119,-1.44
120,-1.44
121,-1.48
122,-1.46
123,-1.46
124,-1.44
125,-1.44
126,-1.42
127,-1.44
128,-1.34
129,-1.28
130,-1.28
131,-1.28
132,-1.24
133,-1.22
134,-1.2
135,-1.24
136,-1.24
137,-1.22
138,-1.2
139,-1.22
140,-1.22
141,-1.22
142,-1.22
143,-1.24
144,-1.26
145,-1.26
146,-1.24
147,-1.24
148,-1.26
149,-1.28
150,-1.28
151,-1.28
152,-1.28
153,-1.3
154,-1.26
155,-1.26
156,-1.28
157,-1.28
158,-1.26
159,-1.26
160,-1.26
161,-1.26
162,-1.26
163,-1.24
164,-1.24
165,-1.26
166,-1.26
167,-1.26
168,-1.26
169,-1.26
170,-1.26
171,-1.22
172,-1.22
173,-1.22
174,-1.2
175,-1.2
176,-1.2
177,-1.18
178,-1.12
179,-1.1
180,-1.08
181,-1.08
182,-1.06
183,-1.06
184,-1.08
185,-1.1
186,-1.1
187,-1.12
188,-1.12
189,-1.12
190,-1.12
191,-1.12
192,-1.12
193,-1.1
194,-1.06
195,-1.06
196,-1.04
197,-1.04
198,-1.04
199,-1.04
200,-1.04
201,-1.04
202,-1.04
203,-1.04
204,-1.06
205,-1.04
206,-1.02
207,-1.0
208,-1.0
209,-1.02
210,-1.04
211,-1.06
212,-1.04
213,-1.04
214,-1.04
215,-1.06
216,-0.98
217,-0.98
218,-0.96
219,-0.96
220,-0.96
221,-0.96
222,-0.98
223,-0.98
224,-1.0
225,-1.0
226,-1.02
227,-1.02
228,-1.08
229,-1.14
230,-1.14
231,-1.14
232,-1.18
233,-1.2
234,-1.22
235,-1.22
236,-1.22
237,-1.24
238,-1.26
239,-1.2
240,-1.2
241,-1.2
242,-1.16
243,-1.1
244,-1.1
245,-1.06
246,-1.08
247,-1.08
248,-0.98
249,-0.96
250,-0.96
251,-0.96
252,-0.96
253,-0.96
254,-1.0
255,-1.0
256,-0.98
257,-0.88
258,-0.9
259,-0.92
260,-0.92
261,-0.9
262,-0.88
263,-0.86
264,-0.86
265,-0.86
266,-0.76
267,-0.76
268,-0.76
269,-0.76
270,-0.76
271,-0.8
272,-0.78
273,-0.78
274,-0.8
275,-0.8
276,-0.78
277,-0.78
278,-0.82
279,-0.84
280,-0.86
281,-0.86
282,-0.88
283,-0.88
284,-0.88
285,-0.88
286,-0.84
287,-0.84
288,-0.82
289,-0.82
290,-0.82
291,-0.82
292,-0.82
293,-0.84
294,-0.84
295,-0.78
296,-0.8
297,-0.76
298,-0.76
299,-0.7
300,-0.7
301,-0.72
302,-0.7
303,-0.66
304,-0.66
305,-0.68
306,-0.72
307,-0.74
308,-0.74
309,-0.74
310,-0.74
311,-0.74
312,-0.76
313,-0.76
314,-0.76
315,-0.76
316,-0.86
317,-0.86
318,-0.88
319,-0.88
320,-0.88
321,-0.88
322,-0.88
323,-0.88
324,-0.86
325,-0.86
326,-0.86
327,-0.86
328,-0.9
329,-0.84
330,-0.84
331,-0.84
332,-0.84
333,-0.8
334,-0.78
335,-0.78
336,-0.78
337,-0.78
338,-0.74
339,-0.8
340,-0.8
341,-0.8
342,-0.84
343,-0.9
344,-0.9
345,-0.94
346,-0.94
347,-0.94
348,-1.02
349,-1.02
350,-1.02
351,-1.04
352,-1.04
353,-1.02
354,-0.98
355,-0.98
356,-0.98
357,-1.08
358,-1.08
359,-1.08
360,-1.04
361,-1.04
362,-1.06
363,-1.04
364,-1.04
365,-1.04
366,-1.14
367,-1.14
368,-1.14
369,-1.14
370,-1.1
371,-1.1
372,-1.12
373,-1.1
374,-1.08
375,-1.04
376,-1.06
377,-1.04
378,-1.06
379,-1.0
380,-1.0
381,-1.02
382,-1.0
383,-1.0
384,-1.0
385,-1.0
386,-1.04
387,-1.02
388,-1.0
389,-1.0
390,-1.0
391,-1.0
392,-0.96
393,-0.94
394,-0.96
395,-1.02
396,-1.02
397,-1.06
398,-1.06
399,-1.12
400,-1.12
401,-1.12
402,-1.14
403,-1.16
404,-1.16
405,-1.12
406,-1.08
407,-1.08
408,-1.08
409,-1.06
410,-1.06
411,-1.0
412,-0.96
413,-0.94
414,-0.96
415,-0.96
416,-0.94
417,-0.92
418,-0.92
419,-0.86
420,-0.86
421,-0.86
422,-0.86
423,-0.84
424,-0.86
425,-0.86
426,-0.86
427,-0.86
428,-0.84
429,-0.88
430,-0.86
431,-0.86
432,-0.86
433,-0.88
434,-0.9
435,-0.88
436,-0.86
437,-0.86
438,-0.88
439,-0.86
440,-0.82
441,-0.78
442,-0.78
443,-0.78
444,-0.78
445,-0.78
446,-0.78
447,-0.78
448,-0.8
449,-0.76
450,-0.76
451,-0.76
452,-0.76
453,-0.78
454,-0.82
455,-0.8
456,-0.82
457,-0.82
458,-0.8
459,-0.78
460,-0.82
461,-0.82
462,-0.8
463,-0.84
464,-0.82
465,-0.8
466,-0.74
467,-0.72
468,-0.7
469,-0.7
470,-0.72
471,-0.7
472,-0.7
473,-0.72
474,-0.74
475,-0.78
476,-0.78
477,-0.82
478,-0.82
479,-0.88
480,-0.88
481,-0.86
482,-0.8
483,-0.8
484,-0.78
485,-0.78
486,-0.76
487,-0.78
488,-0.8
489,-0.8
490,-0.8
491,-0.78
492,-0.8
493,-0.8
494,-0.82
495,-0.82
496,-0.82
497,-0.82
498,-0.82
499,-0.82
500,-0.82
501,-0.78
502,-0.78
503,-0.8
504,-0.8
505,-0.84
506,-0.88
507,-0.88
508,-0.84
509,-0.86
510,-0.86
511,-0.92
512,-0.96
513,-0.98
514,-0.96
515,-0.94
516,-0.96
517,-0.98
518,-0.94
519,-1.0
520,-0.98
521,-0.98
522,-0.98
523,-1.0
524,-1.0
525,-1.0
526,-1.0
527,-1.0
528,-1.0
529,-1.02
530,-1.04
531,-1.04
532,-1.02
533,-1.02
534,-1.0
535,-1.02
536,-1.04
537,-1.04
538,-1.06
539,-1.06
540,-1.08
541,-1.12
542,-1.12
543,-1.12
544,-1.12
545,-1.1
546,-1.08
547,-1.08
548,-1.08
549,-1.14
550,-1.12
551,-1.12
552,-1.12
553,-1.12
554,-1.12
555,-1.12
556,-1.1
557,-1.1
558,-1.12
559,-1.12
560,-1.12
561,-1.12
562,-1.14
563,-1.16
564,-1.18
565,-1.2
566,-1.22
567,-1.24
568,-1.22
569,-1.22
570,-1.24
571,-1.24
572,-1.22
573,-1.22
574,-1.22
575,-1.22
576,-1.22
577,-1.18
578,-1.18
579,-1.18
580,-1.14
581,-1.16
582,-1.24
583,-1.22
584,-1.24
585,-1.24
586,-1.22
587,-1.22
588,-1.22
589,-1.22
590,-1.22
591,-1.24
592,-1.24
593,-1.26
594,-1.26
595,-1.24
596,-1.2
597,-1.2
598,-1.2
599,-1.18
600,-1.18
601,-1.18
602,-1.18
603,-1.14
604,-1.14
605,-1.12
606,-1.12
607,-1.06
608,-1.1
609,-1.08
610,-1.08
611,-1.08
612,-1.08
613,-1.06
614,-1.08
615,-1.1
616,-1.1
617,-1.1
618,-1.14
619,-1.14
620,-1.16
621,-1.16
622,-1.14
623,-1.14
624,-1.14
625,-1.14
626,-1.12
627,-1.12
628,-1.14
629,-1.14
630,-1.12
631,-1.08
632,-1.1
633,-1.12
634,-1.12
635,-1.12
636,-1.12
637,-1.1
638,-1.1
639,-1.12
640,-1.14
641,-1.14
642,-1.1
643,-1.06
644,-1.06
645,-1.06
646,-1.08
647,-1.08
648,-1.08
649,-1.08
650,-1.08
651,-1.08
652,-1.08
653,-1.08
654,-1.08
655,-1.08
656,-1.1
657,-1.1
658,-1.08
659,-1.0
660,-0.98
661,-0.98
662,-0.92
663,-0.88
664,-0.88
665,-0.88
666,-0.92
667,-0.9
668,-0.94
669,-0.94
670,-0.8
671,-0.8
672,-0.82
673,-0.8
674,-0.78
675,-0.78
676,-0.76
677,-0.68
678,-0.68
679,-0.68
680,-0.72
681,-0.7
682,-0.7
683,-0.72
684,-0.7
685,-0.7
686,-0.66
687,-0.66
688,-0.66
689,-0.66
690,-0.6
691,-0.58
692,-0.6
693,-0.6
694,-0.6
695,-0.54
696,-0.58
697,-0.46
698,-0.4
699,-0.4
700,-0.4
701,-0.4
702,-0.34
703,-0.34
704,-0.34
705,-0.36
706,-0.36
707,-0.36
708,-0.36
709,-0.38
710,-0.36
711,-0.34
712,-0.34
713,-0.36
714,-0.36
715,-0.36
716,-0.32
717,-0.3
718,-0.28
719,-0.28
720,-0.26
721,-0.26
722,-0.2
723,-0.18
724,-0.16
725,-0.16
726,-0.16
727,-0.12
728,-0.12
729,-0.12
730,-0.12
731,-0.14
732,-0.1
733,-0.1
734,-0.12
735,-0.12
736,-0.1
737,-0.1
738,-0.08
739,-0.06
740,-0.02
741,0.08
742,0.04
743,0.02
744,0.1
745,0.08
746,0.12
747,0.14
748,0.14
749,0.16
750,0.14
751,0.14
752,0.16
753,0.2
754,0.26
755,0.26
756,0.34
757,0.4
758,0.4
759,0.36
760,0.34
761,0.36
762,0.34
763,0.32
764,0.32
765,0.32
766,0.32
767,0.3
768,0.36
769,0.36
770,0.32
771,0.32
772,0.4
773,0.4
774,0.38
775,0.38
776,0.4
777,0.28
778,0.28
779,0.28
780,0.28
781,0.28
782,0.32
783,0.32
784,0.3
785,0.3
786,0.22
787,0.22
788,0.2
789,0.22
790,0.16
791,0.14
792,0.18
793,0.22
794,0.22
795,0.14
796,0.3
797,0.26
798,0.2
799,0.22
800,0.26
801,0.26
802,0.3
803,0.3
804,0.3
805,0.42
806,0.42
807,0.38
808,0.42
809,0.42
810,0.4
811,0.38
812,0.4
813,0.4
814,0.44
815,0.54
816,0.5
817,0.48
818,0.5
819,0.56
820,0.64
821,0.66
822,0.6
823,0.64
824,0.74
825,0.74
826,0.72
827,0.68
828,0.7
829,0.7
830,0.68
831,0.68
832,0.72
833,0.72
834,0.74
835,0.78
836,0.8
837,0.86
838,1.02
839,1.0
840,1.02
841,1.0
842,1.1
843,1.12
844,1.1
845,1.16
846,1.14
847,1.18
848,1.18
849,1.2
850,1.2
851,1.2
852,1.26
853,1.26
854,1.2
855,1.26
856,1.42
857,1.36
858,1.44
859,1.42
860,1.44
861,1.4
862,1.36
863,1.34
864,1.44
865,1.44
866,1.44
867,1.48
868,1.46
869,1.5
870,1.42
871,1.46
872,1.38
873,1.38
874,1.42
875,1.44
876,1.4
877,1.46
878,1.48
879,1.62
880,1.74
881,2.02
882,2.04
883,2.08
884,2.18
885,2.2
886,2.2
887,2.3
888,2.3
889,2.4
890,2.66
891,2.72
892,2.68
893,2.78
894,2.78
895,2.78
896,2.66
897,2.58
898,2.58
899,2.64
900,2.68
901,2.82
902,2.72
903,2.86
904,2.88
905,2.78
906,2.78
907,2.76
908,2.78
909,2.82
910,2.82
911,2.9
912,3.08
913,3.16
914,3.18
915,3.08
916,3.08
917,3.3
918,3.36
919,3.5
920,3.42
921,3.4
922,3.38
923,3.34
924,3.46
925,3.48
926,3.5
927,3.52
928,3.54
929,3.56
930,3.58
931,3.64
932,3.6
933,3.6
934,3.58
935,3.7
936,3.86
937,3.9
938,3.82
939,3.84
940,3.86
941,3.78
942,3.76
943,3.74
944,3.78
945,3.88
946,3.96
947,3.92
948,3.94
949,4.0
950,4.06
951,4.14
952,4.06
953,4.02
954,4.02
955,4.02
956,3.92
957,4.08
958,4.04
959,4.0
960,4.02
961,4.02
962,4.04
963,4.1
964,4.0
965,4.0
966,4.04
967,4.2
968,4.24
969,4.24
970,4.36
971,4.3
972,4.32
973,4.74
974,4.72
975,4.74
976,4.76
977,4.78
978,4.76
979,4.62
980,4.58
981,4.28
982,4.28
983,4.4
984,4.44
985,4.46
986,4.48
987,4.38
988,4.46
989,4.34
990,4.1
991,4.06
992,4.22
993,4.1
994,4.1
995,4.1
996,4.14
997,4.24
998,4.32
999,4.24
1000,4.18
1001,4.04
1002,4.08
1003,3.92
1004,3.92
1005,4.18
1006,4.28
1007,4.36
1008,4.52
1009,4.58
1010,4.7
1011,4.66
1012,4.46
1013,4.44
1014,4.4
1015,4.5
1016,4.6
1017,4.42
1018,4.38
1019,4.18
1020,4.26
1021,4.26
1022,4.26
1023,4.26
1024,4.14
1025,4.4
1026,4.4
1027,4.4
1028,4.42
1029,4.54
1030,4.52
1031,4.52
1032,4.5
1033,4.52
1034,4.88
1035,4.8
1036,4.78
1037,4.66
1038,4.58
1039,4.68
1040,4.82
1041,4.88
1042,4.82
1043,5.02
1044,5.18
1045,5.4
1046,5.6
1047,5.58
1048,5.56
1049,5.54
1050,5.52
1051,5.46
1052,5.48
1053,5.48
1054,5.58
1055,5.54
1056,5.52
1057,5.38
1058,5.32
1059,5.42
1060,5.56
1061,5.68
1062,5.68
1063,5.66
1064,5.66
1065,5.72
1066,5.9
1067,5.72
1068,5.74
1069,5.7
1070,5.58
1071,5.58
1072,5.6
1073,5.18
1074,5.18
1075,5.14
1076,5.12
1077,5.06
1078,5.06
1079,5.1
1080,5.08
1081,5.14
1082,5.14
1083,5.12
1084,4.98
1085,4.94
1086,4.92
1087,5.08
1088,5.02
1089,5.18
1090,5.18
1091,5.24
1092,5.18
1093,5.38
1094,5.46
1095,5.46
1096,5.52
1097,5.5
1098,5.5
1099,5.82
1100,5.88
1101,5.88
1102,6.28
1103,6.4
1104,6.46
1105,6.32
1106,6.4
1107,6.38
1108,6.42
1109,6.38
1110,6.28
1111,6.24
1112,6.24
1113,6.24
1114,6.24
1115,6.18
1116,6.08
1117,6.26
1118,6.44
1119,6.52
1120,6.42
1121,6.46
1122,6.46
1123,6.54
1124,6.46
1125,6.18
1126,6.32
1127,6.42
1128,6.36
1129,6.22
1130,6.26
1131,6.18
1132,6.28
1133,6.28
1134,5.98
1135,6.04
1136,6.12
1137,6.14
1138,6.2
1139,6.12
1140,5.96
1141,5.96
1142,5.94
1143,6.04
1144,5.94
1145,5.56
1146,5.36
1147,5.38
1148,5.4
1149,5.34
1150,5.34
1151,5.46
1152,5.44
1153,5.58
1154,5.5
1155,5.74
1156,5.62
1157,5.66
1158,5.8
1159,5.72
1160,5.68
1161,6.24
1162,6.38
1163,6.34
1164,6.34
1165,6.44
1166,6.42
1167,6.46
1168,6.48
1169,6.54
1170,6.58
1171,6.64
1172,6.62
1173,6.64
1174,6.92
1175,6.92
1176,7.0
1177,7.0
1178,7.12
1179,7.26
1180,7.32
1181,7.34
1182,7.32
1183,7.7
1184,7.82
1185,7.86
1186,8.0
1187,8.2
1188,8.32
1189,8.32
1190,8.32
1191,8.28
1192,8.22
1193,8.08
1194,8.08
1195,8.08
1196,7.94
1197,7.98
1198,7.94
1199,7.62
1200,7.54
1201,7.5
1202,7.22
1203,7.08
1204,7.0
1205,7.1
1206,6.92
1207,7.08
1208,7.04
1209,7.04
1210,7.04
1211,7.04
1212,7.06
1213,7.22
1214,7.42
1215,7.48
1216,7.62
1217,7.42
1218,7.22
1219,7.2
1220,7.22
1221,7.44
1222,7.52
1223,7.42
1224,8.02
1225,8.08
1226,7.92
1227,7.92
1228,8.0
1229,8.06
1230,8.1
1231,8.14
1232,8.08
1233,8.1
1234,8.08
1235,7.94
1236,7.72
1237,7.76
1238,7.68
1239,7.66
1240,7.6
1241,7.54
1242,7.58
1243,7.28
1244,7.16
1245,7.18
1246,7.22
1247,7.2
1248,7.32
1249,7.3
1250,7.32
1251,7.2
1252,7.2
1253,7.18
1254,7.22
1255,7.02
1256,7.16
1257,7.18
1258,7.12
1259,7.18
1260,7.1
1261,6.7
1262,6.56
1263,6.68
1264,6.98
1265,6.82
1266,6.66
1267,6.66
1268,6.56
1269,6.7
1270,6.74
1271,6.78
1272,7.26
1273,7.32
1274,7.08
1275,7.28
1276,7.2
1277,7.22
1278,7.42
1279,7.38
1280,7.36
1281,7.28
1282,7.5
1283,7.46
1284,7.34
1285,7.3
1286,7.16
1287,6.82
1288,6.76
1289,6.6
1290,6.68
1291,6.7
1292,6.7
1293,6.62
1294,6.56
1295,6.7
1296,6.82
1297,6.76
1298,6.72
1299,6.84
1300,6.88
1301,7.06
1302,6.9
1303,6.96
1304,7.12
1305,6.92
1306,7.1
1307,6.92
1308,6.98
1309,6.98
1310,7.0
1311,7.0
1312,6.98
1313,6.76
1314,6.56
1315,6.46
1316,6.38
1317,6.42
1318,6.46
1319,6.52
1320,6.52
1321,6.34
1322,6.3
1323,6.4
1324,5.76
1325,5.74
1326,5.82
1327,5.8
1328,6.1
1329,6.26
1330,6.2
1331,6.3
1332,6.26
1333,6.3
1334,6.42
1335,6.58
1336,6.66
1337,6.8
1338,6.8
1339,6.9
1340,6.92
1341,7.06
1342,7.02
1343,7.38
1344,7.34
1345,7.44
1346,7.3
1347,7.5
1348,7.5
1349,7.72
1350,7.72
1351,7.86
1352,8.06
1353,8.9
1354,8.84
1355,8.84
1356,8.86
1357,8.9
1358,9.04
1359,8.96
1360,8.9
1361,9.1
1362,9.26
1363,9.66
1364,9.66
1365,9.92
1366,9.96
1367,9.98
1368,10.02
1369,9.94
1370,9.84
1371,10.0
1372,9.52
1373,9.5
1374,9.5
1375,9.3
1376,9.5
1377,9.46
1378,9.24
1379,9.22
1380,9.22
1381,9.28
1382,9.06
1383,8.62
1384,8.7
1385,8.78
1386,8.8
1387,8.86
1388,8.86
1389,8.86
1390,8.8
1391,8.74
1392,8.78
1393,9.32
1394,9.3
1395,9.26
1396,9.26
1397,9.22
1398,9.26
1399,9.66
1400,9.84
1401,9.9
1402,10.04
1403,10.04
1404,9.88
1405,10.36
1406,10.54
1407,10.72
1408,10.6
1409,10.62
1410,10.74
1411,10.74
1412,10.98
1413,11.94
1414,11.96
1415,12.08
1416,12.24
1417,12.24
1418,12.16
1419,12.06
1420,12.04
1421,12.1
1422,12.16
1423,12.18
1424,12.18
1425,12.2
1426,12.32
1427,12.46
1428,12.26
1429,12.04
1430,12.06
1431,12.0
1432,11.98
1433,12.12
1434,12.06
1435,11.9
1436,11.82
1437,11.72
1438,11.74
1439,11.62
1440,11.6
1441,11.46
1442,11.46
1443,11.1
1444,11.1
1445,11.0
1446,11.0
1447,10.82
1448,10.68
1449,10.54
1450,10.48
1451,10.32
1452,10.16
1453,9.2
1454,9.22
1455,9.16
1456,9.02
1457,9.26
1458,9.08
1459,9.5
1460,9.64
1461,9.4
1462,9.26
1463,8.76
1464,8.52
1465,8.4
1466,8.46
1467,8.48
1468,8.6
1469,8.5
1470,8.52
1471,8.36
1472,8.4
1473,8.32
1474,8.28
1475,8.6
1476,8.68
1477,8.86
1478,8.76
1479,8.64
1480,8.64
1481,8.66
1482,8.66
1483,8.7
1484,8.66
1485,8.66
1486,8.74
1487,8.92
1488,9.0
1489,9.04
1490,9.54
1491,9.66
1492,9.68
1493,9.34
1494,9.46
1495,9.52
1496,9.6
1497,9.9
1498,10.02
1499,9.62
1500,9.72
1501,9.7
1502,9.6
1503,9.72
1504,9.88
1505,9.44
1506,9.16
1507,8.94
1508,8.9
1509,8.94
1510,8.78
1511,8.98
1512,8.84
1513,7.88
1514,7.94
1515,7.98
1516,7.86
1517,7.9
1518,8.1
1519,8.14
1520,8.14
1521,8.04
1522,7.96
1523,8.06
1524,8.22
1525,8.2
1526,8.1
1527,7.9
1528,7.8
1529,7.8
1530,7.8
1531,7.9
1532,8.1
1533,7.9
1534,8.02
1535,8.28
1536,8.44
1537,8.34
1538,8.34
1539,8.48
1540,8.66
1541,8.72
1542,8.84
1543,9.26
1544,9.3
1545,9.32
1546,9.48
1547,9.72
1548,9.74
1549,9.74
1550,9.88
1551,10.12
1552,10.14
1553,10.14
1554,10.18
1555,10.2
1556,10.62
1557,10.3
1558,10.32
1559,10.02
1560,10.24
1561,10.36
1562,10.58
1563,10.56
1564,10.8
1565,10.78
1566,11.2
1567,11.16
1568,11.84
1569,12.8
1570,13.24
1571,13.38
1572,13.32
1573,13.74
1574,13.86
1575,13.86
1576,13.68
1577,13.5
1578,13.64
1579,13.66
1580,13.62
1581,13.86
1582,13.82
1583,13.84
1584,13.86
1585,13.92
1586,13.84
1587,13.64
1588,13.48
1589,13.6
1590,13.12
1591,13.06
1592,13.1
1593,12.92
1594,12.8
1595,12.64
1596,12.82
1597,12.62
1598,12.7
1599,12.7
1600,12.42
1601,12.4
1602,12.9
1603,12.82
1604,12.8
1605,12.72
1606,12.76
1607,12.96
1608,12.84
1609,13.02
1610,13.18
1611,13.34
1612,13.58
1613,13.64
1614,14.08
1615,14.12
1616,14.1
1617,14.02
1618,14.34
1619,14.38
1620,14.46
1621,14.46
1622,14.6
1623,14.54
1624,14.4
1625,14.38
1626,14.3
1627,14.44
1628,14.36
1629,14.42
1630,14.38
1631,14.2
1632,14.04
1633,14.02
1634,13.96
1635,14.14
1636,14.1
1637,14.12
1638,14.1
1639,14.02
1640,13.86
1641,13.86
1642,13.86
1643,13.42
1644,13.42
1645,13.44
1646,13.3
1647,13.32
1648,13.3
1649,13.24
1650,13.1
1651,12.96
1652,12.98
1653,13.14
1654,13.52
1655,13.56
1656,13.16
1657,13.52
1658,13.64
1659,13.74
1660,13.42
1661,13.06
1662,13.12
1663,13.18
1664,13.06
1665,12.94
1666,12.5
1667,12.5
1668,11.66
1669,11.12
1670,11.38
1671,11.6
1672,11.98
1673,11.94
1674,11.84
1675,11.58
1676,11.76
1677,11.82
1678,12.08
1679,12.08
1680,12.46
1681,12.2
1682,12.2
1683,12.22
1684,12.32
1685,12.66
1686,12.64
1687,12.58
1688,12.64
1689,12.58
1690,12.58
1691,12.64
1692,12.52
1693,12.52
1694,12.52
1695,12.6
1696,12.22
1697,12.28
1698,12.22
1699,12.22
1700,12.42
1701,12.24
1702,12.1
1703,12.1
1704,12.42
1705,12.48
1706,12.52
1707,12.4
1708,12.64
1709,12.36
1710,12.26
1711,12.24
1712,12.1
1713,12.3
1714,12.14
1715,12.0
1716,11.94
1717,12.24
1718,12.3
1719,12.38
1720,12.3
1721,12.32
1722,12.88
1723,12.8
1724,12.8
1725,12.86
1726,13.06
1727,12.96
1728,13.52
1729,14.1
1730,14.26
1731,14.3
1732,14.62
1733,14.88
1734,14.76
1735,14.32
1736,14.38
1737,14.86
1738,15.46
1739,15.6
1740,15.82
1741,15.92
1742,15.82
1743,16.08
1744,16.32
1745,16.42
1746,16.52
1747,16.78
1748,16.82
1749,16.98
1750,17.06
1751,17.18
1752,17.2
1753,17.04
1754,16.96
1755,17.82
1756,17.82
1757,17.78
1758,17.78
1759,17.58
1760,17.96
1761,18.2
1762,17.92
1763,17.96
1764,18.2
1765,18.34
1766,18.94
1767,19.06
1768,19.24
1769,18.94
1770,18.6
1771,18.22
1772,17.88
1773,17.58
1774,17.54
1775,17.5
1776,17.7
1777,17.74
1778,17.6
1779,17.74
1780,17.6
1781,17.58
1782,17.7
1783,17.62
1784,17.68
1785,17.48
1786,17.5
1787,17.6
1788,17.74
1789,18.06
1790,18.08
1791,17.98
1792,18.08
1793,18.16
1794,18.24
1795,18.28
1796,18.46
1797,18.28
1798,18.1
1799,18.38
1800,18.18
1801,18.2
1802,17.98
1803,17.92
1804,17.88
1805,18.62
1806,18.54
1807,18.58
1808,18.34
1809,18.54
1810,18.48
1811,18.38
1812,18.3
1813,18.44
1814,18.06
1815,18.96
1816,19.38
1817,19.1
1818,18.84
1819,18.78
1820,18.98
1821,18.94
1822,18.22
1823,18.14
1824,18.22
1825,18.72
1826,18.84
1827,18.78
1828,18.64
1829,18.14
1830,18.32
1831,18.28
1832,18.0
1833,17.9
1834,17.86
1835,17.96
1836,17.86
1837,17.48
1838,17.0
1839,16.8
1840,16.72
1841,16.68
1842,16.72
1843,17.08
1844,17.34
1845,17.56
1846,17.46
1847,17.06
1848,17.6
1849,17.7
1850,17.62
1851,17.64
1852,17.62
1853,18.0
1854,18.14
1855,17.82
1856,17.82
1857,17.46
1858,17.4
1859,17.58
1860,17.24
1861,17.1
1862,17.06
1863,17.02
1864,16.62
1865,16.64
1866,16.04
1867,15.9
1868,15.86
1869,15.76
1870,15.6
1871,15.58
1872,15.64
1873,16.16
1874,16.2
1875,16.4
1876,15.92
1877,16.1
1878,15.88
1879,15.72
1880,15.8
1881,15.76
1882,15.7
1883,15.7
1884,15.48
1885,15.28
1886,15.42
1887,15.64
1888,16.24
1889,16.02
1890,16.1
1891,16.2
1892,16.3
1893,16.4
1894,16.6
1895,16.48
1896,16.54
1897,16.58
1898,16.94
1899,16.66
1900,17.74
1901,18.12
1902,18.06
1903,18.12
1904,17.76
1905,17.34
1906,17.3
1907,17.18
1908,17.18
1909,17.44
1910,17.44
1911,17.28
1912,17.8
1913,17.44
1914,17.44
1915,16.48
1916,16.1
1917,16.08
1918,15.76
1919,15.84
1920,15.68
1921,16.04
1922,16.42
1923,16.58
1924,17.12
1925,16.56
1926,16.48
1927,16.72
1928,16.62
1929,16.5
1930,16.36
1931,16.54
1932,16.6
1933,16.56
1934,16.62
1935,16.78
1936,16.76
1937,16.66
1938,16.56
1939,16.84
1940,16.68
1941,16.74
1942,16.92
1943,16.62
1944,16.14
1945,15.78
1946,16.08
1947,16.32
1948,15.96
1949,15.96
1950,16.34
1951,16.26
1952,16.5
1953,16.46
1954,15.98
1955,16.14
1956,16.44
1957,16.88
1958,16.78
1959,16.62
1960,17.02
1961,17.08
1962,17.76
1963,17.84
1964,17.82
1965,17.76
1966,17.68
1967,17.74
1968,17.72
1969,17.68
1970,17.64
1971,17.66
1972,17.84
1973,17.56
1974,17.52
1975,17.34
1976,17.88
1977,17.76
1978,17.8
1979,18.02
1980,18.02
1981,18.16
1982,18.38
1983,18.68
1984,18.78
1985,18.7
1986,18.54
1987,18.72
1988,18.0
1989,18.12
1990,18.02
1991,17.92
1992,17.94
1993,17.76
1994,17.64
1995,18.34
1996,18.34
1997,18.32
1998,18.04
1999,17.92
2000,16.8
2001,16.42
2002,16.3
2003,16.62
2004,17.12
2005,16.98
2006,17.58
2007,17.58
2008,18.16
2009,17.88
2010,18.1
2011,18.18
2012,17.64
2013,17.98
2014,18.08
2015,18.34
2016,18.38
2017,18.46
2018,19.04
2019,18.88
2020,19.26
2021,18.9
2022,18.66
2023,18.56
2024,17.96
2025,17.94
2026,17.86
2027,18.04
2028,18.12
2029,18.16
2030,18.84
2031,18.76
2032,18.78
2033,18.72
2034,18.76
2035,18.5
2036,18.56
2037,18.54
2038,18.74
2039,18.88
2040,19.0
2041,18.84
2042,18.6
2043,18.34
2044,18.5
2045,18.5
2046,18.2
2047,17.82
2048,17.7
2049,17.58
2050,17.3
2051,17.42
2052,17.24
2053,16.92
2054,16.92
2055,16.68
2056,16.36
2057,16.18
2058,16.38
2059,16.36
2060,15.92
2061,15.98
2062,15.42
2063,15.46
2064,15.48
2065,15.58
2066,15.58
2067,15.62
2068,15.48
2069,15.98
2070,15.84
2071,15.84
2072,15.62
2073,15.34
2074,15.48
2075,15.5
2076,15.12
2077,14.98
2078,15.1
2079,14.96
2080,14.58
2081,14.62
2082,14.6
2083,14.38
2084,14.3
2085,14.58
2086,14.84
2087,14.38
2088,14.4
2089,14.08
2090,14.22
2091,14.34
2092,14.26
2093,14.42
2094,14.38
2095,14.16
2096,13.92
2097,14.16
2098,14.36
2099,14.62
2100,14.8
2101,14.8
2102,14.82
2103,14.52
2104,13.98
2105,13.78
2106,13.32
2107,13.56
2108,13.8
2109,13.8
2110,13.78
2111,13.9
2112,14.14
2113,14.54
2114,14.56
2115,14.76
2116,14.74
2117,14.8
2118,14.26
2119,14.44
2120,14.5
2121,15.28
2122,15.42
2123,16.58
2124,16.54
2125,16.54
2126,16.6
2127,16.36
2128,16.22
2129,16.44
2130,15.58
2131,15.78
2132,15.94
2133,15.94
2134,16.04
2135,16.06
2136,16.2
2137,16.26
2138,16.32
2139,15.96
2140,16.12
2141,16.1
2142,16.22
2143,16.5
2144,16.4
2145,16.6
2146,16.6
2147,16.6
2148,16.6
2149,16.54
2150,16.7
2151,16.46
2152,16.42
2153,17.22
2154,17.22
2155,16.82
2156,17.44
2157,17.5
2158,17.86
2159,17.86
2160,18.06
2161,18.92
2162,19.14
2163,19.08
2164,19.2
2165,19.0
2166,19.04
2167,18.94
2168,19.2
2169,18.7
2170,18.72
2171,18.64
2172,19.02
2173,19.02
2174,19.04
2175,19.06
2176,19.14
2177,19.12
2178,18.92
2179,19.06
2180,19.76
2181,19.84
2182,19.6
2183,19.48
2184,19.5
2185,19.24
2186,19.14
2187,19.18
2188,19.34
2189,19.44
2190,19.72
2191,19.6
2192,19.44
2193,19.38
2194,19.36
2195,19.16
2196,19.16
2197,18.92
2198,18.78
2199,18.64
2200,18.64
2201,18.8
2202,18.94
2203,18.86
2204,19.36
2205,19.34
2206,19.24
2207,19.68
2208,19.14
2209,18.94
2210,18.78
2211,19.04
2212,18.7
2213,18.06
2214,18.1
2215,17.78
2216,18.16
2217,18.04
2218,18.48
2219,18.3
2220,18.06
2221,17.54
2222,17.44
2223,16.6
2224,16.6
2225,16.8
2226,16.94
2227,16.88
2228,16.96
2229,16.92
2230,16.9
2231,16.6
2232,16.7
2233,16.66
2234,16.64
2235,16.78
2236,16.54
2237,16.52
2238,16.24
2239,16.28
2240,16.0
2241,16.06
2242,16.0
2243,15.82
2244,15.78
2245,16.0
2246,16.9
2247,17.06
2248,17.08
2249,17.12
2250,16.9
2251,17.42
2252,17.38
2253,16.58
2254,16.66
2255,16.58
2256,16.14
2257,15.9
2258,15.46
2259,15.44
2260,15.24
2261,14.18
2262,13.92
2263,13.98
2264,13.9
2265,14.54
2266,14.64
2267,15.06
2268,15.02
2269,15.68
2270,15.72
2271,15.9
2272,15.46
2273,15.42
2274,15.28
2275,15.26
2276,15.28
2277,15.92
2278,15.94
2279,16.3
2280,15.62
2281,15.52
2282,15.86
2283,15.88
2284,15.86
2285,15.92
2286,15.8
2287,15.76
2288,15.52
2289,15.8
2290,15.4
2291,16.1
2292,16.22
2293,16.16
2294,16.08
2295,16.44
2296,16.66
2297,16.64
2298,16.54
2299,16.48
2300,16.56
2301,16.4
2302,16.38
2303,16.4
2304,15.9
2305,16.0
2306,16.04
2307,16.16
2308,16.26
2309,16.26
2310,16.36
2311,15.98
2312,16.98
2313,17.02
2314,17.04
2315,17.34
2316,16.98
2317,17.38
2318,17.02
2319,17.24
2320,17.08
2321,16.92
2322,17.12
2323,16.88
2324,16.92
2325,16.76
2326,16.66
2327,17.18
2328,17.96
2329,17.76
2330,18.62
2331,19.12
2332,19.08
2333,19.26
2334,19.18
2335,19.38
2336,19.94
2337,20.14
2338,20.16
2339,20.14
2340,20.78
2341,20.74
2342,21.04
2343,21.24
2344,21.24
2345,20.96
2346,20.04
2347,19.9
2348,19.94
2349,19.92
2350,19.88
2351,19.34
2352,19.66
2353,20.26
2354,20.34
2355,20.36
2356,20.22
2357,20.54
2358,20.68
2359,20.76
2360,20.72
2361,20.96
2362,20.9
2363,20.86
2364,21.38
2365,20.9
2366,21.12
2367,20.68
2368,20.62
2369,20.08
2370,20.24
2371,20.84
2372,20.98
2373,21.04
2374,21.36
2375,21.48
2376,21.58
2377,21.32
2378,21.46
2379,20.94
2380,20.96
2381,21.02
2382,20.76
2383,20.74
2384,20.88
2385,20.8
2386,21.1
2387,21.4
2388,21.52
2389,21.16
2390,21.24
2391,20.74
2392,20.88
2393,20.82
2394,20.96
2395,21.5
2396,22.26
2397,22.62
2398,22.58
2399,22.54
2400,22.42
2401,22.54
2402,22.5
2403,22.44
2404,22.66
2405,22.72
2406,22.6
2407,21.88
2408,21.8
2409,22.4
2410,22.3
2411,22.28
2412,21.3
2413,21.16
2414,21.3
2415,20.86
2416,21.36
2417,21.14
2418,21.38
2419,21.28
2420,21.34
2421,21.22
2422,21.28
2423,21.36
2424,21.84
2425,22.18
2426,21.96
2427,21.3
2428,20.2
2429,20.36
2430,19.94
2431,19.56
2432,19.4
2433,19.66
2434,19.76
2435,19.78
2436,19.2
2437,19.4
2438,19.74
2439,19.78
2440,19.2
2441,19.48
2442,19.2
2443,19.26
2444,19.28
2445,19.28
2446,19.5
2447,19.5
2448,19.5
2449,19.54
2450,19.6
2451,19.6
2452,19.32
2453,18.7
2454,18.64
2455,18.7
2456,19.22
2457,18.88
2458,18.68
2459,18.94
2460,18.94
2461,19.36
2462,19.48
2463,19.74
2464,19.24
2465,19.12
2466,18.76
2467,18.78
2468,18.68
2469,18.6
2470,18.34
2471,17.56
2472,17.52
2473,17.56
2474,17.32
2475,17.5
2476,17.32
2477,17.16
2478,17.32
2479,17.52
2480,17.56
2481,17.58
2482,17.48
2483,17.82
2484,17.72
2485,17.88
2486,17.62
2487,17.52
2488,17.8
2489,17.86
2490,17.7
2491,17.64
2492,17.62
2493,17.66
2494,17.5
2495,16.62
2496,15.72
2497,15.64
2498,15.7
2499,15.8
2500,15.98
2501,16.28
2502,16.46
2503,16.84
2504,16.82
2505,16.9
2506,16.96
2507,17.76
2508,17.74
2509,18.46
2510,18.48
2511,18.34
2512,18.36
2513,19.16
2514,18.94
2515,18.98
2516,18.6
2517,18.82
2518,18.54
2519,18.58
2520,18.74
2521,19.0
2522,18.6
2523,18.42
2524,17.9
2525,17.6
2526,17.68
2527,17.7
2528,17.9
2529,17.74
2530,17.54
2531,17.5
2532,17.46
2533,17.64
2534,17.5
2535,17.94
2536,18.04
2537,17.6
2538,17.86
2539,17.78
2540,17.78
2541,18.06
2542,18.24
2543,18.1
2544,18.38
2545,18.88
2546,18.86
2547,19.1
2548,19.52
2549,19.38
2550,19.34
2551,19.4
2552,19.52
2553,19.72
2554,19.64
2555,19.62
2556,19.12
2557,19.4
2558,19.34
2559,19.0
2560,19.08
2561,18.78
2562,18.68
2563,18.78
2564,19.06
2565,19.06
2566,19.34
2567,19.62
2568,19.56
2569,19.56
2570,19.96
2571,20.04
2572,20.12
2573,20.12
2574,20.16
2575,19.92
2576,20.02
2577,19.94
2578,19.76
2579,19.6
2580,19.62
2581,19.76
2582,20.0
2583,19.68
2584,19.9
2585,19.76
2586,19.84
2587,19.6
2588,19.3
2589,19.24
2590,19.24
2591,19.14
2592,18.94
2593,19.16
2594,19.4
2595,19.28
2596,19.72
2597,19.52
2598,19.68
2599,19.66
2600,19.54
2601,19.22
2602,19.12
2603,18.8
2604,18.6
2605,18.38
2606,18.9
2607,18.02
2608,17.88
2609,16.74
2610,16.7
2611,16.92
2612,16.88
2613,16.36
2614,16.28
2615,16.26
2616,16.22
2617,15.86
2618,16.1
2619,15.94
2620,15.88
2621,15.9
2622,16.06
2623,16.36
2624,16.78
2625,16.74
2626,16.66
2627,16.64
2628,16.56
2629,16.54
2630,16.34
2631,16.48
2632,16.32
2633,16.92
2634,17.36
2635,16.78
2636,16.66
2637,16.76
2638,16.16
2639,16.52
2640,16.88
2641,16.3
2642,16.36
2643,16.12
2644,15.74
2645,15.22
2646,15.04
2647,15.18
2648,15.36
2649,16.0
2650,15.98
2651,15.9
2652,15.86
2653,17.68
2654,17.8
2655,17.72
2656,17.96
2657,17.96
2658,18.28
2659,18.36
2660,18.56
2661,18.4
2662,18.66
2663,18.46
2664,18.4
2665,18.38
2666,18.38
2667,18.22
2668,18.4
2669,18.38
2670,18.1
2671,18.08
2672,17.96
2673,18.34
2674,18.64
2675,19.02
2676,19.7
2677,19.64
2678,19.78
2679,19.82
2680,20.1
2681,20.14
2682,19.92
2683,19.96
2684,19.68
2685,19.9
2686,19.94
2687,20.22
2688,20.12
2689,20.7
2690,20.76
2691,20.8
2692,21.96
2693,21.86
2694,21.62
2695,21.54
2696,21.72
2697,22.16
2698,21.96
2699,21.94
2700,21.94
2701,21.96
2702,21.78
2703,22.66
2704,22.92
2705,23.02
2706,22.64
2707,22.74
2708,22.72
2709,22.56
2710,22.88
2711,22.82
2712,22.82
2713,22.62
2714,22.74
2715,22.96
2716,22.98
2717,23.12
2718,22.82
2719,22.86
2720,22.8
2721,22.7
2722,22.52
2723,22.38
2724,22.12
2725,22.24
2726,22.18
2727,22.3
2728,22.16
2729,22.22
2730,22.22
2731,22.06
2732,22.06
2733,20.88
2734,20.64
2735,20.58
2736,20.68
2737,20.66
2738,20.9
2739,20.56
2740,20.24
2741,20.4
2742,20.08
2743,20.04
2744,20.4
2745,20.36
2746,20.74
2747,20.36
2748,19.78
2749,19.2
2750,19.34
2751,19.34
2752,20.58
2753,18.92
2754,18.88
2755,19.1
2756,18.84
2757,18.5
2758,18.16
2759,18.1
2760,18.16
2761,18.14
2762,17.84
2763,17.6
2764,17.7
2765,17.72
2766,17.7
2767,18.32
2768,18.18
2769,18.68
2770,18.72
2771,19.22
2772,19.24
2773,18.84
2774,18.5
2775,18.04
2776,17.24
2777,17.2
2778,17.28
2779,18.24
2780,18.04
2781,17.82
2782,18.14
2783,18.3
2784,18.6
2785,18.54
2786,18.66
2787,19.02
2788,19.08
2789,19.58
2790,19.52
2791,19.48
2792,18.54
2793,18.52
2794,18.64
2795,18.66
2796,18.1
2797,17.9
2798,18.12
2799,18.04
2800,18.16
2801,18.0
2802,18.04
2803,17.1
2804,16.92
2805,17.02
2806,17.0
2807,17.0
2808,17.78
2809,17.94
2810,17.82
2811,18.46
2812,18.58
2813,18.54
2814,18.7
2815,18.64
2816,18.44
2817,18.44
2818,18.72
2819,18.66
2820,18.52
2821,18.44
2822,18.44
2823,18.3
2824,18.18
2825,18.1
2826,18.22
2827,18.72
2828,18.92
2829,18.94
2830,18.92
2831,18.88
2832,18.86
2833,18.96
2834,18.86
2835,19.18
2836,19.12
2837,19.16
2838,19.16
2839,19.22
2840,19.38
2841,19.42
2842,19.58
2843,19.6
2844,19.44
2845,19.34
2846,18.98
2847,18.98
2848,20.1
2849,20.2
2850,20.06
2851,20.52
2852,19.32
2853,19.36
2854,19.92
2855,19.92
2856,19.9
2857,20.1
2858,20.1
2859,20.26
2860,20.2
2861,20.2
2862,20.5
2863,20.56
2864,20.28
2865,20.26
2866,20.88
2867,22.2
2868,22.58
2869,22.58
2870,22.52
2871,21.96
2872,22.14
2873,22.26
2874,23.18
2875,23.24
2876,23.2
2877,23.32
2878,23.0
2879,22.18
2880,22.08
2881,22.08
2882,21.8
2883,21.76
2884,21.8
2885,21.74
2886,21.56
2887,21.04
2888,21.08
2889,20.5
2890,20.54
2891,20.74
2892,20.5
2893,20.38
2894,21.16
2895,21.34
2896,21.24
2897,21.48
2898,21.7
2899,21.74
2900,21.82
2901,22.02
2902,22.46
2903,22.72
2904,23.08
2905,24.78
2906,24.66
2907,24.82
2908,24.1
2909,24.12
2910,24.42
2911,23.72
2912,23.7
2913,23.74
2914,23.72
2915,23.86
2916,24.34
2917,24.26
2918,24.1
2919,24.84
2920,25.4
2921,25.74
2922,25.82
2923,25.76
2924,25.72
2925,26.34
2926,26.26
2927,25.82
2928,25.64
2929,25.62
2930,25.7
2931,25.76
2932,25.82
2933,25.82
2934,26.36
2935,26.16
2936,26.24
2937,26.12
2938,26.26
2939,26.42
2940,26.28
2941,26.24
2942,26.12
2943,26.38
2944,26.4
2945,26.7
2946,27.74
2947,28.0
2948,26.8
2949,26.66
2950,26.78
2951,26.46
2952,26.36
2953,26.3
2954,25.84
2955,26.0
2956,26.16
2957,26.18
2958,26.48
2959,27.36
2960,27.36
2961,27.26
2962,26.98
2963,26.88
2964,27.08
2965,27.4
2966,26.98
2967,25.06
2968,25.14
2969,24.68
2970,24.58
2971,24.78
2972,24.6
2973,24.48
2974,23.58
2975,24.18
2976,24.26
2977,24.2
2978,24.2
2979,24.16
2980,24.34
2981,24.24
2982,24.26
2983,24.26
2984,24.0
2985,23.9
2986,23.84
2987,24.0
2988,24.02
2989,24.56
2990,24.66
2991,24.42
2992,24.42
2993,24.52
2994,24.06
2995,24.54
2996,24.66
2997,24.52
2998,24.08
2999,24.04
3000,24.02
3001,23.9
3002,23.46
3003,23.22
3004,23.02
3005,21.1
3006,21.1
3007,21.1
3008,21.0
3009,20.88
3010,20.42
3011,20.66
3012,20.68
3013,20.78
3014,20.74
3015,20.56
3016,21.38
3017,21.3
3018,21.26
3019,20.52
3020,19.94
3021,19.52
3022,20.08
3023,20.16
3024,20.34
3025,19.86
3026,19.88
3027,19.7
3028,19.8
3029,19.94
3030,20.06
3031,20.08
3032,20.38
3033,20.3
3034,19.96
3035,19.68
3036,19.56
3037,19.62
3038,19.4
3039,19.52
3040,19.46
3041,19.48
3042,19.48
3043,19.4
3044,19.42
3045,19.2
3046,18.3
3047,18.14
3048,18.24
3049,18.52
3050,18.44
3051,18.66
3052,18.64
3053,18.5
3054,18.54
3055,18.2
3056,18.0
3057,18.02
3058,17.82
3059,17.0
3060,17.16
3061,17.14
3062,17.14
3063,17.24
3064,17.1
3065,16.78
3066,16.42
3067,16.3
3068,15.84
3069,16.0
3070,16.18
3071,16.4
3072,16.38
3073,17.56
3074,17.58
3075,16.96
3076,17.06
3077,16.96
3078,17.08
3079,17.12
3080,17.08
3081,17.0
3082,17.24
3083,17.18
3084,17.62
3085,17.66
3086,17.6
3087,17.78
3088,17.68
3089,17.22
3090,17.44
3091,17.5
3092,17.54
3093,17.5
3094,17.18
3095,16.94
3096,16.98
3097,16.82
3098,16.86
3099,17.38
3100,17.6
3101,17.62
3102,17.8
3103,17.98
3104,17.78
3105,17.8
3106,17.76
3107,17.56
3108,17.48
3109,17.62
3110,17.78
3111,17.66
3112,17.64
3113,17.54
3114,17.88
3115,18.0
3116,16.78
3117,16.88
3118,17.06
3119,17.76
3120,17.8
3121,17.8
3122,17.22
3123,17.48
3124,18.26
3125,18.24
3126,18.94
3127,19.0
3128,19.08
3129,19.52
3130,19.38
3131,19.34
3132,19.6
3133,19.54
3134,19.24
3135,19.32
3136,19.64
3137,19.58
3138,19.46
3139,19.16
3140,19.32
3141,19.78
3142,19.84
3143,19.82
3144,20.52
3145,21.0
3146,20.86
3147,21.04
3148,20.86
3149,20.56
3150,20.68
3151,21.18
3152,22.18
3153,22.04
3154,22.28
3155,22.42
3156,22.42
3157,22.52
3158,22.48
3159,22.34
3160,22.06
3161,22.5
3162,22.5
3163,22.42
3164,22.44
3165,22.62
3166,23.02
3167,23.04
3168,23.06
3169,22.86
3170,23.34
3171,23.12
3172,23.1
3173,22.02
3174,22.2
3175,22.16
3176,22.12
3177,22.2
3178,22.04
3179,21.84
3180,21.8
3181,21.8
3182,21.78
3183,22.14
3184,21.84
3185,21.82
3186,21.96
3187,21.72
3188,22.14
3189,21.72
3190,21.5
3191,21.54
3192,21.48
3193,21.4
3194,21.34
3195,21.6
3196,21.62
3197,21.38
3198,21.38
3199,21.62
3200,21.1
3201,21.12
3202,20.96
3203,21.36
3204,21.3
3205,21.76
3206,21.82
3207,21.96
3208,21.96
3209,22.1
3210,22.26
3211,22.32
3212,22.56
3213,22.78
3214,22.72
3215,23.72
3216,24.86
3217,24.82
3218,24.76
3219,24.94
3220,24.98
3221,25.82
3222,25.82
3223,25.72
3224,25.26
3225,25.56
3226,24.98
3227,25.06
3228,24.9
3229,24.24
3230,24.36
3231,24.62
3232,24.02
3233,24.1
3234,24.14
3235,24.62
3236,24.36
3237,24.6
3238,24.7
3239,24.7
3240,24.5
3241,23.88
3242,24.04
3243,24.16
3244,23.24
3245,22.7
3246,22.88
3247,22.64
3248,22.84
3249,22.86
3250,22.8
3251,23.52
3252,22.68
3253,22.74
3254,22.34
3255,22.4
3256,22.9
3257,22.72
3258,22.94
3259,23.02
3260,22.86
3261,22.7
3262,23.9
3263,24.0
3264,23.98
3265,24.34
3266,24.22
3267,24.16
3268,24.2
3269,24.32
3270,23.7
3271,24.04
3272,24.06
3273,24.44
3274,24.34
3275,24.3
3276,24.1
3277,24.02
3278,24.24
3279,24.22
3280,24.28
3281,24.34
3282,24.1
3283,24.08
3284,24.08
3285,24.5
3286,24.54
3287,25.04
3288,24.86
3289,25.42
3290,25.68
3291,26.2
3292,26.5
3293,27.06
3294,27.36
3295,26.6
3296,26.84
3297,26.92
3298,27.28
3299,26.54
3300,26.9
3301,26.92
3302,27.06
3303,26.76
3304,26.82
3305,26.56
3306,26.7
3307,27.64
3308,27.74
3309,27.62
3310,27.54
3311,27.28
3312,27.16
3313,26.88
3314,26.36
3315,25.18
3316,24.1
3317,25.0
3318,24.96
3319,24.4
3320,24.96
3321,24.12
3322,24.08
3323,23.86
3324,23.58
3325,23.46
3326,23.42
3327,23.56
3328,23.96
3329,24.2
3330,24.1
3331,23.8
3332,24.06
3333,24.02
3334,24.42
3335,24.16
3336,24.14
3337,24.24
3338,24.38
3339,24.28
3340,24.3
3341,24.3
3342,24.04
3343,24.3
3344,24.6
3345,24.92
3346,25.38
3347,25.38
3348,25.16
3349,25.26
3350,25.98
3351,24.58
3352,24.56
3353,24.98
3354,25.0
3355,25.02
3356,24.64
3357,24.84
3358,24.92
3359,26.64
3360,26.66
3361,26.42
3362,25.54
3363,25.48
3364,25.58
3365,25.64
3366,25.34
3367,25.32
3368,26.0
3369,25.9
3370,26.02
3371,25.68
3372,25.78
3373,25.3
3374,25.12
3375,25.42
3376,25.42
3377,25.68
3378,25.84
3379,26.12
3380,26.38
3381,26.38
3382,26.72
3383,26.26
3384,26.26
3385,26.16
3386,26.34
3387,26.16
3388,26.14
3389,26.22
3390,25.9
3391,25.74
3392,26.3
3393,25.74
3394,25.88
3395,26.84
3396,26.6
3397,26.5
3398,26.16
3399,26.18
3400,25.74
3401,26.32
3402,26.48
3403,26.46
3404,26.52
3405,26.84
3406,26.8
3407,25.66
3408,25.76
3409,25.8
3410,25.54
3411,25.94
3412,26.04
3413,25.98
3414,26.02
3415,26.24
3416,26.12
3417,25.32
3418,25.74
3419,26.02
3420,25.4
3421,26.38
3422,26.42
3423,26.48
3424,27.12
3425,27.28
3426,27.82
3427,27.58
3428,27.16
3429,27.0
3430,27.46
3431,27.52
3432,27.82
3433,28.22
3434,27.74
3435,27.52
3436,27.68
3437,27.6
3438,27.42
3439,28.08
3440,28.16
3441,28.36
3442,29.4
3443,28.86
3444,28.6
3445,28.3
3446,28.0
3447,28.7
3448,28.84
3449,28.84
3450,28.04
3451,27.96
3452,27.72
3453,27.5
3454,27.44
3455,27.34
3456,27.52
3457,27.26
3458,26.94
3459,25.5
3460,25.5
3461,25.5
3462,25.28
3463,25.4
3464,25.4
3465,24.84
3466,25.0
3467,25.04
3468,24.28
3469,24.3
3470,24.22
3471,24.16
3472,24.42
3473,24.44
3474,24.42
3475,24.22
3476,24.22
3477,24.32
3478,23.94
3479,25.3
3480,24.92
3481,24.84
3482,24.64
3483,25.04
3484,25.1
3485,25.76
3486,25.46
3487,25.02
3488,24.86
3489,24.06
3490,24.06
3491,24.04
3492,23.2
3493,23.24
3494,22.88
3495,22.26
3496,22.06
3497,22.58
3498,22.64
3499,22.84
3500,23.1
3501,22.48
3502,22.38
3503,23.5
3504,23.56
3505,23.06
3506,23.42
3507,23.48
3508,23.42
3509,23.8
3510,24.14
3511,24.32
3512,24.42
3513,24.42
3514,24.74
3515,25.5
3516,26.6
3517,26.56
3518,26.68
3519,26.54
3520,26.94
3521,26.06
3522,26.36
3523,26.6
3524,25.76
3525,25.94
3526,25.62
3527,25.68
3528,25.66
3529,25.72
3530,25.62
3531,25.96
3532,25.46
3533,25.22
3534,25.44
3535,26.04
3536,25.82
3537,25.6
3538,26.0
3539,25.38
3540,25.42
3541,25.44
3542,24.48
3543,24.5
3544,25.1
3545,25.14
3546,25.16
3547,24.6
3548,24.54
3549,25.12
3550,25.16
3551,25.1
3552,25.44
3553,25.12
3554,25.8
3555,26.14
3556,26.18
3557,26.1
3558,26.3
3559,26.4
3560,26.46
3561,26.58
3562,26.84
3563,26.74
3564,26.52
3565,26.58
3566,26.32
3567,26.58
3568,26.74
3569,27.08
3570,27.48
3571,28.42
3572,28.26
3573,28.38
3574,28.48
3575,28.44
3576,30.38
3577,30.12
3578,30.2
3579,29.08
3580,29.02
3581,29.08
3582,28.92
3583,28.58
3584,28.46
3585,27.56
3586,27.64
3587,27.96
3588,28.02
3589,28.24
3590,28.46
3591,28.14
3592,28.18
3593,28.62
3594,28.74
3595,28.86
3596,29.04
3597,28.56
3598,29.06
3599,29.32
3600,29.46
3601,29.46
3602,29.36
3603,28.02
3604,28.2
3605,28.32
3606,28.32
3607,28.5
3608,28.64
3609,28.28
3610,28.06
3611,27.46
3612,27.16
3613,27.2
3614,26.92
3615,26.32
3616,25.44
3617,25.4
3618,24.76
3619,24.4
3620,24.28
3621,24.36
3622,24.16
3623,23.94
3624,23.92
3625,23.5
3626,23.6
3627,23.92
3628,24.04
3629,24.32
3630,24.14
3631,23.82
3632,23.78
3633,24.02
3634,24.72
3635,25.76
3636,26.02
3637,26.16
3638,25.72
3639,26.18
3640,26.48
3641,26.58
3642,27.06
3643,27.06
3644,26.6
3645,26.6
3646,26.2
3647,26.16
3648,26.2
3649,26.2
3650,26.82
3651,27.08
3652,26.94
3653,27.4
3654,27.06
3655,26.9
3656,26.58
3657,26.64
3658,26.7
3659,26.6
3660,27.04
3661,26.88
3662,26.94
3663,27.24
3664,27.26
3665,27.34
3666,27.34
3667,27.28
3668,27.14
3669,27.14
3670,26.84
3671,25.76
3672,25.92
3673,25.74
3674,25.86
3675,26.02
3676,25.64
3677,26.52
3678,26.64
3679,26.44
3680,26.72
3681,26.66
3682,26.7
3683,27.44
3684,27.58
3685,27.54
3686,27.46
3687,27.1
3688,27.0
3689,26.76
3690,27.22
3691,27.14
3692,27.68
3693,27.36
3694,27.32
3695,26.98
3696,27.76
3697,27.82
3698,27.44
3699,27.04
3700,26.72
3701,26.64
3702,26.54
3703,26.5
3704,26.18
3705,26.26
3706,25.76
3707,25.54
3708,25.78
3709,25.62
3710,25.8
3711,26.16
3712,26.06
3713,26.08
3714,26.02
3715,25.72
3716,26.1
3717,26.22
3718,26.82
3719,27.26
3720,27.56
3721,27.38
3722,27.24
3723,27.22
3724,27.92
3725,28.02
3726,27.56
3727,28.12
3728,28.02
3729,27.82
3730,27.66
3731,28.68
3732,28.74
3733,28.34
3734,27.5
3735,25.94
3736,25.74
3737,26.0
3738,26.1
3739,25.98
3740,25.52
3741,25.42
3742,24.88
3743,25.02
3744,24.98
3745,25.34
3746,25.56
3747,25.54
3748,25.56
3749,24.84
3750,25.58
3751,26.02
3752,26.18
3753,25.96
3754,25.58
3755,25.78
3756,26.14
3757,26.06
3758,25.8
3759,25.66
3760,25.24
3761,25.2
3762,25.32
3763,26.18
3764,26.24
3765,26.24
3766,26.54
3767,26.66
3768,26.64
3769,26.36
3770,26.7
3771,26.7
3772,26.3
3773,27.28
3774,27.18
3775,27.0
3776,25.64
3777,24.9
3778,24.7
3779,24.32
3780,24.04
3781,24.24
3782,24.62
3783,24.38
3784,24.24
3785,24.46
3786,24.96
3787,24.9
3788,25.46
3789,25.68
3790,24.92
3791,25.28
3792,24.8
3793,24.74
3794,24.62
3795,25.42
3796,24.46
3797,24.6
3798,24.34
3799,24.42
3800,24.34
3801,24.42
3802,24.38
3803,24.72
3804,25.54
3805,25.46
3806,25.82
3807,25.82
3808,25.5
3809,25.48
3810,25.7
3811,25.46
3812,25.56
3813,25.56
3814,25.66
3815,25.94
3816,26.18
3817,26.26
3818,25.68
3819,25.18
3820,25.24
3821,25.28
3822,25.34
3823,25.76
3824,25.7
3825,25.32
3826,25.42
3827,25.16
3828,25.26
3829,25.32
3830,25.54
3831,24.56
3832,24.78
3833,24.98
3834,25.78
3835,25.98
3836,26.26
3837,25.92
3838,26.2
3839,25.96
3840,26.28
3841,26.36
3842,26.54
3843,26.54
3844,26.38
3845,26.22
3846,26.42
3847,26.48
3848,26.54
3849,27.0
3850,25.78
3851,25.06
3852,24.96
3853,24.96
3854,24.98
3855,24.52
3856,24.34
3857,24.78
3858,24.84
3859,24.54
3860,24.56
3861,24.88
3862,24.34
3863,23.34
3864,23.36
3865,24.64
3866,24.54
3867,24.28
3868,24.4
3869,24.36
3870,24.1
3871,24.7
3872,25.18
3873,24.4
3874,24.54
3875,24.76
3876,24.86
3877,24.82
3878,25.0
3879,25.68
3880,25.62
3881,25.42
3882,25.02
3883,24.66
3884,24.88
3885,24.96
3886,24.58
3887,24.72
3888,25.2
3889,25.16
3890,26.1
3891,25.8
3892,26.0
3893,25.96
3894,26.1
3895,25.78
3896,25.84
3897,25.76
3898,26.2
3899,26.26
3900,26.52
3901,26.86
3902,26.84
3903,26.66
3904,26.06
3905,25.96
3906,26.0
3907,26.56
3908,26.7
3909,26.62
3910,26.12
3911,26.12
3912,26.44
3913,26.66
3914,26.96
3915,26.82
3916,26.76
3917,26.78
3918,27.24
3919,28.26
3920,27.72
3921,28.3
3922,28.36
3923,28.0
3924,27.84
3925,28.12
3926,28.2
3927,27.8
3928,27.8
3929,27.54
3930,27.32
3931,27.2
3932,27.1
3933,27.04
3934,26.78
3935,26.56
3936,26.66
3937,26.64
3938,26.6
3939,27.2
3940,27.02
3941,27.0
3942,26.8
3943,26.84
3944,27.02
3945,26.84
3946,27.94
3947,28.06
3948,27.9
3949,27.52
3950,27.64
3951,29.46
3952,29.32
3953,29.12
3954,29.14
3955,29.7
3956,29.96
3957,30.18
3958,30.22
3959,30.4
3960,30.36
3961,31.1
3962,31.38
3963,31.38
3964,31.22
3965,29.86
3966,30.08
3967,30.54
3968,30.46
3969,30.42
3970,30.36
3971,29.76
3972,30.54
3973,30.46
3974,30.54
3975,30.28
3976,29.94
3977,30.06
3978,30.48
3979,29.84
3980,30.44
3981,31.14
3982,32.62
3983,32.44
3984,32.78
3985,33.92
3986,33.76
3987,33.68
3988,32.9
3989,32.98
3990,32.36
3991,32.66
3992,32.6
3993,33.46
3994,33.46
3995,33.0
3996,33.0
3997,33.74
3998,33.76
3999,33.52
4000,34.02
4001,33.86
4002,34.0
4003,34.06
4004,36.16
4005,36.54
4006,36.32
4007,36.14
4008,36.2
4009,36.2
4010,36.54
4011,36.62
4012,36.2
4013,36.02
4014,35.62
4015,35.5
4016,34.7
4017,34.64
4018,35.06
4019,34.46
4020,34.66
4021,34.26
4022,34.58
4023,34.96
4024,34.56
4025,34.28
4026,34.18
4027,34.32
4028,34.26
4029,34.8
4030,35.14
4031,35.16
4032,35.2
4033,35.58
4034,35.56
4035,35.48
4036,35.14
4037,35.32
4038,36.8
4039,37.56
4040,37.76
4041,37.48
4042,38.0
4043,37.84
4044,40.54
4045,40.48
4046,38.98
4047,39.12
4048,39.12
4049,39.22
4050,39.24
4051,37.72
4052,37.82
4053,37.94
4054,38.04
4055,37.66
4056,37.22
4057,36.78
4058,36.78
4059,36.66
4060,36.64
4061,36.1
4062,35.96
4063,35.92
4064,36.18
4065,36.4
4066,36.1
4067,35.54
4068,35.6
4069,35.72
4070,35.68
4071,36.0
4072,35.28
4073,35.22
4074,35.54
4075,35.66
4076,36.18
4077,36.76
4078,36.82
4079,36.98
4080,36.86
4081,36.58
4082,35.14
4083,35.36
4084,34.94
4085,33.62
4086,33.68
4087,33.64
4088,33.5
4089,33.56
4090,33.4
4091,34.32
4092,34.22
4093,33.52
4094,33.34
4095,33.8
4096,33.76
4097,33.42
4098,33.14
4099,33.44
4100,33.14
4101,33.06
4102,33.16
4103,33.06
4104,31.78
4105,31.68
4106,31.74
4107,31.56
4108,31.36
4109,31.42
4110,31.68
4111,31.52
4112,31.76
4113,31.82
4114,32.82
4115,32.72
4116,33.2
4117,33.62
4118,32.86
4119,32.68
4120,32.4
4121,32.16
4122,31.94
4123,31.5
4124,32.78
4125,32.92
4126,33.14
4127,33.12
4128,33.32
4129,33.02
4130,32.72
4131,32.74
4132,32.5
4133,32.36
4134,32.32
4135,32.54
4136,33.22
4137,32.98
4138,31.48
4139,30.42
4140,30.44
4141,31.56
4142,31.94
4143,32.14
4144,29.52
4145,29.74
4146,30.66
4147,30.52
4148,30.96
4149,30.78
4150,31.32
4151,31.48
4152,31.28
4153,31.14
4154,31.16
4155,30.88
4156,31.62
4157,31.74
4158,32.14
4159,32.5
4160,32.58
4161,32.18
4162,32.16
4163,32.3
4164,32.44
4165,32.36
4166,33.66
4167,34.6
4168,34.5
4169,35.18
4170,35.18
4171,35.14
4172,34.6
4173,35.02
4174,34.42
4175,34.38
4176,34.32
4177,34.26
4178,34.0
4179,34.44
4180,34.14
4181,34.06
4182,34.16
4183,34.1
4184,34.02
4185,34.82
4186,34.94
4187,35.52
4188,35.44
4189,35.36
4190,36.1
4191,35.52
4192,35.56
4193,35.5
4194,36.08
4195,35.52
4196,35.82
4197,35.3
4198,36.18
4199,36.78
4200,36.46
4201,36.88
4202,36.64
4203,37.22
4204,36.14
4205,36.18
4206,35.9
4207,35.84
4208,35.64
4209,35.54
4210,34.9
4211,35.16
4212,35.52
4213,35.4
4214,34.58
4215,35.78
4216,35.9
4217,35.88
4218,36.6
4219,36.38
4220,36.96
4221,37.02
4222,37.78
4223,37.78
4224,37.06
4225,36.94
4226,36.82
4227,36.56
4228,36.94
4229,36.86
4230,36.82
4231,37.28
4232,37.56
4233,37.26
4234,36.68
4235,36.72
4236,36.04
4237,36.14
4238,35.78
4239,35.44
4240,36.36
4241,35.28
4242,34.46
4243,34.42
4244,34.96
4245,35.16
4246,34.74
4247,34.66
4248,34.96
4249,35.16
4250,34.84
4251,35.04
4252,35.02
4253,35.94
4254,36.9
4255,36.9
4256,36.54
4257,38.32
4258,37.84
4259,37.44
4260,37.88
4261,37.82
4262,37.74
4263,37.42
4264,37.82
4265,37.78
4266,36.68
4267,35.96
4268,36.02
4269,35.4
4270,35.82
4271,35.76
4272,36.14
4273,36.1
4274,36.12
4275,36.18
4276,35.72
4277,34.98
4278,34.78
4279,34.3
4280,34.48
4281,34.6
4282,35.48
4283,35.62
4284,36.1
4285,37.0
4286,37.0
4287,37.12
4288,37.3
4289,38.12
4290,37.3
4291,36.72
4292,36.86
4293,37.06
4294,37.38
4295,37.62
4296,37.36
4297,37.46
4298,36.74
4299,36.1
4300,36.22
4301,35.66
4302,35.76
4303,35.6
4304,36.1
4305,36.26
4306,36.32
4307,36.28
4308,36.6
4309,36.62
4310,36.62
4311,36.66
4312,36.16
4313,36.32
4314,36.26
4315,35.8
4316,35.68
4317,35.1
4318,34.24
4319,34.88
4320,34.58
4321,35.4
4322,34.6
4323,35.12
4324,34.84
4325,35.1
4326,35.34
4327,35.62
4328,35.32
4329,35.94
4330,36.2
4331,36.16
4332,35.86
4333,37.5
4334,38.2
4335,37.88
4336,37.94
4337,38.06
4338,38.18
4339,38.2
4340,37.02
4341,37.0
4342,37.12
4343,38.28
4344,37.9
4345,37.5
4346,37.64
4347,38.3
4348,38.16
4349,38.76
4350,38.24
4351,37.58
4352,37.82
4353,36.88
4354,35.78
4355,35.94
4356,36.06
4357,34.68
4358,34.62
4359,34.86
4360,34.62
4361,35.3
4362,35.4
4363,35.44
4364,34.76
4365,34.68
4366,34.42
4367,34.54
4368,34.76
4369,35.8
4370,35.38
4371,35.2
4372,34.84
4373,34.5
4374,34.5
4375,34.38
4376,35.9
4377,35.84
4378,35.68
4379,35.8
4380,36.58
4381,36.66
4382,35.66
4383,35.76
4384,35.3
4385,34.22
4386,34.18
4387,35.16
4388,35.12
4389,34.86
4390,35.58
4391,35.52
4392,35.18
4393,35.4
4394,34.68
4395,34.38
4396,35.6
4397,36.12
4398,36.24
4399,35.98
4400,35.74
4401,36.18
4402,36.28
4403,36.62
4404,36.76
4405,37.34
4406,37.82
4407,38.42
4408,38.14
4409,38.9
4410,40.74
4411,40.94
4412,40.84
4413,42.24
4414,42.1
4415,41.6
4416,41.28
4417,42.34
4418,42.62
4419,42.06
4420,41.86
4421,41.16
4422,41.22
4423,41.14
4424,41.22
4425,41.28
4426,43.44
4427,43.24
4428,42.92
4429,42.4
4430,42.06
4431,41.7
4432,41.78
4433,41.5
4434,42.48
4435,42.58
4436,42.62
4437,42.46
4438,43.06
4439,43.3
4440,44.0
4441,44.78
4442,45.38
4443,44.2
4444,43.8
4445,44.48
4446,43.82
4447,43.86
4448,43.28
4449,43.62
4450,43.94
4451,43.98
4452,44.1
4453,44.52
4454,44.54
4455,44.58
4456,44.08
4457,43.44
4458,46.1
4459,46.1
4460,46.02
4461,45.76
4462,46.18
4463,46.22
4464,46.24
4465,46.34
4466,46.36
4467,46.14
4468,48.78
4469,48.24
4470,49.76
4471,49.92
4472,50.32
4473,50.52
4474,51.2
4475,52.3
4476,51.0
4477,51.1
4478,52.06
4479,52.4
4480,51.28
4481,50.82
4482,53.44
4483,54.22
4484,54.08
4485,53.38
4486,53.3
4487,51.88
4488,52.74
4489,52.12
4490,51.62
4491,51.56
4492,52.44
4493,51.86
4494,51.9
4495,52.02
4496,50.74
4497,51.02
4498,50.94
4499,51.48
4500,51.88
4501,51.38
4502,51.56
4503,52.64
4504,53.68
4505,52.58
4506,52.56
4507,52.52
4508,53.32
4509,53.68
4510,52.3
4511,53.04
4512,53.26
4513,52.64
4514,53.24
4515,52.94
4516,53.06
4517,52.48
4518,52.48
4519,53.04
4520,53.42
4521,53.24
4522,53.2
4523,53.16
4524,52.82
4525,52.62
4526,51.36
4527,51.56
4528,51.62
4529,52.02
4530,52.22
4531,52.14
4532,53.64
4533,52.9
4534,51.64
4535,51.6
4536,51.42
4537,52.86
4538,52.28
4539,52.14
4540,51.38
4541,52.26
4542,53.28
4543,54.06
4544,54.26
4545,53.9
4546,54.22
4547,54.14
4548,54.2
4549,53.56
4550,53.2
4551,53.92
4552,53.76
4553,54.36
4554,54.52
4555,55.48
4556,56.2
4557,56.78
4558,54.5
4559,54.22
4560,55.06
4561,55.04
4562,54.68
4563,54.82
4564,54.74
4565,54.94
4566,55.02
4567,55.18
4568,52.36
4569,52.48
4570,51.02
4571,53.38
4572,53.78
4573,54.5
4574,54.26
4575,53.84
4576,53.86
4577,53.92
4578,54.26
4579,53.9
4580,55.06
4581,55.98
4582,54.44
4583,55.12
4584,55.74
4585,55.62
4586,56.44
4587,56.74
4588,55.64
4589,55.78
4590,55.92
4591,56.3
4592,56.12
4593,56.2
4594,55.98
4595,56.32
4596,56.8
4597,55.9
4598,55.66
4599,55.28
4600,55.8
4601,55.96
4602,55.96
4603,53.98
4604,52.56
4605,53.56
4606,53.42
4607,52.78
4608,52.54
4609,53.18
4610,52.72
4611,51.52
4612,52.0
4613,51.64
4614,51.26
4615,53.08
4616,53.28
4617,53.14
4618,53.1
4619,52.78
4620,52.86
4621,53.0
4622,53.06
4623,54.92
4624,56.78
4625,58.12
4626,56.94
4627,56.58
4628,57.44
4629,56.88
4630,58.62
4631,58.86
4632,59.4
4633,58.82
4634,58.66
4635,58.86
4636,60.28
4637,60.4
4638,60.76
4639,61.64
4640,61.66
4641,60.2
4642,58.38
4643,57.96
4644,58.02
4645,59.36
4646,59.3
4647,61.2
4648,63.78
4649,63.48
4650,64.84
4651,65.14
4652,64.96
4653,64.7
4654,65.2
4655,64.18
4656,64.34
4657,63.98
4658,63.6
4659,63.66
4660,63.6
4661,63.36
4662,63.88
4663,64.86
4664,64.9
4665,66.38
4666,67.2
4667,67.52
4668,67.7
4669,67.44
4670,67.38
4671,65.46
4672,64.78
4673,64.02
4674,64.44
4675,64.18
4676,63.94
4677,64.34
4678,63.76
4679,64.1
4680,62.96
4681,62.08
4682,62.8
4683,61.38
4684,61.12
4685,61.62
4686,61.16
4687,60.8
4688,61.06
4689,60.78
4690,60.58
4691,61.64
4692,61.18
4693,61.86
4694,61.9
4695,62.08
4696,61.58
4697,61.9
4698,62.2
4699,62.74
4700,64.26
4701,66.16
4702,65.88
4703,66.04
4704,66.06
4705,65.42
4706,66.02
4707,68.9
4708,69.86
4709,68.26
4710,68.36
4711,68.88
4712,69.24
4713,68.86
4714,69.1
4715,69.8
4716,69.38
4717,69.18
4718,69.62
4719,69.4
4720,69.4
4721,71.0
4722,71.32
4723,69.16
4724,67.34
4725,66.82
4726,67.16
4727,67.42
4728,66.54
4729,66.48
4730,64.94
4731,66.28
4732,64.94
4733,65.24
4734,65.18
4735,66.72
4736,65.98
4737,64.5
4738,64.7
4739,64.72
4740,65.96
4741,66.1
4742,66.22
4743,68.32
4744,68.04
4745,67.16
4746,67.72
4747,65.18
4748,62.52
4749,63.18
4750,61.94
4751,61.74
4752,62.38
4753,62.04
4754,61.46
4755,62.06
4756,62.38
4757,62.68
4758,63.1
4759,63.12
4760,62.96
4761,62.76
4762,64.14
4763,63.96
4764,65.84
4765,64.26
4766,63.46
4767,63.6
4768,64.48
4769,64.04
4770,63.96
4771,64.54
4772,64.94
4773,65.48
4774,64.9
4775,64.92
4776,64.94
4777,65.94
4778,66.38
4779,66.0
4780,66.38
4781,66.36
4782,64.86
4783,64.76
4784,64.38
4785,64.1
4786,63.74
4787,63.6
4788,63.44
4789,65.24
4790,65.1
4791,64.32
4792,64.7
4793,64.42
4794,65.36
4795,64.9
4796,65.44
4797,65.38
4798,65.94
4799,65.76
4800,63.96
4801,61.96
4802,61.96
4803,61.9
4804,62.76
4805,63.26
4806,62.7
4807,60.5
4808,59.56
4809,63.14
4810,64.74
4811,65.04
4812,64.8
4813,66.9
4814,70.34
4815,68.52
4816,70.6
4817,70.74
4818,70.06
4819,71.5
4820,71.76
4821,70.7
4822,70.7
4823,71.38
4824,71.48
4825,70.58
4826,70.16
4827,70.86
4828,71.24
4829,72.6
4830,72.52
4831,71.02
4832,71.28
4833,71.26
4834,71.54
4835,70.06
4836,70.06
4837,70.48
4838,69.82
4839,69.38
4840,68.16
4841,68.16
4842,68.2
4843,66.36
4844,66.36
4845,66.44
4846,66.34
4847,67.06
4848,70.02
4849,70.02
4850,71.36
4851,70.98
4852,71.0
4853,70.82
4854,71.12
4855,71.24
4856,70.44
4857,70.04
4858,69.8
4859,70.04
4860,69.62
4861,69.8
4862,68.18
4863,68.28
4864,66.82
4865,66.48
4866,66.34
4867,66.52
4868,66.76
4869,66.92
4870,67.08
4871,66.98
4872,66.72
4873,69.56
4874,69.84
4875,69.54
4876,75.46
4877,74.46
4878,73.9
4879,73.96
4880,73.82
4881,73.74
4882,73.86
4883,73.76
4884,74.0
4885,74.64
4886,74.84
4887,75.22
4888,76.12
4889,74.44
4890,75.04
4891,75.6
4892,76.7
4893,78.0
4894,77.1
4895,77.22
4896,76.96
4897,77.22
4898,76.42
4899,77.12
4900,76.46
4901,77.14
4902,79.74
4903,80.8
4904,81.04
4905,80.92
4906,81.32
4907,82.9
4908,84.68
4909,83.76
4910,83.16
4911,82.74
4912,81.92
4913,79.8
4914,76.34
4915,75.92
4916,74.44
4917,74.36
4918,76.34
4919,74.86
4920,77.44
4921,77.16
4922,77.6
4923,77.94
4924,78.56
4925,78.56
4926,78.86
4927,78.18
4928,77.84
4929,78.94
4930,79.42
4931,79.6
4932,78.8
4933,78.52
4934,79.74
4935,80.32
4936,79.84
4937,79.8
4938,80.16
4939,80.26
4940,80.6
4941,80.34
4942,80.9
4943,80.98
4944,81.86
4945,81.06
4946,80.34
4947,80.3
4948,77.68
4949,77.9
4950,77.58
4951,77.72
4952,78.36
4953,78.88
4954,80.84
4955,80.46
4956,81.08
4957,81.7
4958,83.34
4959,85.36
4960,85.22
4961,87.0
4962,87.3
4963,87.78
4964,88.4
4965,88.76
4966,89.04
4967,88.76
4968,88.0
4969,87.76
4970,87.74
4971,88.06
4972,88.56
4973,86.46
4974,86.58
4975,88.74
4976,83.18
4977,85.08
4978,85.12
4979,86.98
4980,88.6
4981,89.28
4982,89.72
4983,89.88
4984,90.96
4985,90.5
4986,90.26
4987,89.84
4988,88.98
4989,88.92
4990,88.98
4991,88.14
4992,88.14
4993,86.38
4994,86.26
4995,86.56
4996,86.62
4997,86.24
4998,86.62
4999,86.8
5000,87.22
5001,88.42
5002,85.94
5003,85.1
5004,84.36
5005,84.12
5006,84.36
5007,85.64
5008,85.22
5009,82.96
5010,83.74
5011,85.62
5012,86.76
5013,86.66
5014,89.76
5015,91.1
5016,91.14
5017,91.52
5018,90.2
5019,90.18
5020,87.12
5021,87.86
5022,89.16
5023,89.1
5024,93.2
5025,93.12
5026,92.98
5027,92.96
5028,96.82
5029,95.18
5030,95.58
5031,95.42
5032,95.9
5033,96.68
5034,97.06
5035,97.28
5036,97.32
5037,98.66
5038,99.08
5039,99.9
5040,100.14
5041,100.2
5042,99.76
5043,98.98
5044,99.04
5045,101.38
5046,101.98
5047,101.68
5048,102.26
5049,101.34
5050,100.88
5051,101.84
5052,103.36
5053,102.86
5054,100.76
5055,100.68
5056,102.72
5057,103.96
5058,104.96
5059,102.7
5060,102.62
5061,101.74
5062,101.16
5063,100.38
5064,100.08
5065,100.0
5066,100.4
5067,99.98
5068,99.68
5069,100.16
5070,100.44
5071,99.6
5072,98.9
5073,97.94
5074,97.98
5075,95.72
5076,95.32
5077,93.9
5078,93.56
5079,91.46
5080,89.76
5081,89.44
5082,88.6
5083,88.26
5084,87.66
5085,89.78
5086,91.18
5087,92.06
5088,92.72
5089,95.54
5090,96.52
5091,98.42
5092,96.72
5093,96.9
5094,98.36
5095,98.54
5096,98.68
5097,99.54
5098,99.62
5099,99.68
5100,99.72
5101,98.84
5102,99.68
5103,99.68
5104,99.38
5105,99.3
5106,99.4
5107,96.02
5108,97.3
5109,97.32
5110,96.04
5111,95.54
5112,96.08
5113,97.06
5114,97.1
5115,95.54
5116,95.82
5117,96.6
5118,97.3
5119,98.96
5120,99.64
5121,99.08
5122,98.64
5123,98.18
5124,94.06
5125,94.4
5126,94.26
5127,96.7
5128,93.34
5129,92.76
5130,92.1
5131,93.38
5132,92.96
5133,93.22
5134,91.54
5135,90.84
5136,90.92
5137,90.24
5138,89.96
5139,89.76
5140,89.4
5141,90.42
5142,92.04
5143,92.2
5144,91.28
5145,88.96
5146,88.64
5147,88.06
5148,88.28
5149,89.06
5150,89.2
5151,90.7
5152,88.62
5153,92.04
5154,95.04
5155,94.74
5156,93.42
5157,91.62
5158,89.58
5159,90.74
5160,92.06
5161,92.62
5162,92.52
5163,93.12
5164,92.52
5165,93.5
5166,92.94
5167,93.36
5168,93.22
5169,93.88
5170,93.54
5171,94.12
5172,94.8
5173,94.54
5174,94.52
5175,95.08
5176,97.84
5177,97.94
5178,97.8
5179,99.28
5180,99.1
5181,98.9
5182,99.66
5183,99.66
5184,99.46
5185,97.9
5186,96.58
5187,96.42
5188,96.06
5189,94.02
5190,92.9
5191,91.3
5192,92.16
5193,92.04
5194,90.68
5195,90.64
5196,90.16
5197,89.24
5198,89.5
5199,88.16
5200,88.02
5201,87.2
5202,86.2
5203,86.08
5204,86.98
5205,86.62
5206,85.82
5207,85.7
5208,82.46
5209,81.96
5210,81.62
5211,80.0
5212,78.32
5213,77.62
5214,74.06
5215,74.32
5216,73.68
5217,72.54
5218,71.66
5219,69.98
5220,68.92
5221,68.58
5222,66.82
5223,66.2
5224,65.48
5225,65.14
5226,65.42
5227,62.74
5228,62.24
5229,62.12
5230,62.64
5231,61.38
5232,61.48
5233,60.6
5234,60.4
5235,60.18
5236,61.38
5237,60.52
5238,61.2
5239,59.96
5240,59.72
5241,58.66
5242,57.84
5243,58.28
5244,59.02
5245,59.22
5246,59.1
5247,59.58
5248,58.46
5249,57.52
5250,57.3
5251,55.28
5252,54.62
5253,51.16
5254,49.84
5255,50.92
5256,49.74
5257,50.88
5258,50.62
5259,49.4
5260,48.3
5261,48.66
5262,48.64
5263,47.3
5264,47.34
5265,46.2
5266,46.24
5267,46.86
5268,46.76
5269,48.08
5270,49.18
5271,49.16
5272,48.92
5273,49.0
5274,48.56
5275,49.04
5276,46.36
5277,45.78
5278,45.84
5279,45.62
5280,47.04
5281,47.3
5282,47.14
5283,47.42
5284,46.84
5285,46.92
5286,47.1
5287,47.78
5288,48.28
5289,47.76
5290,47.86
5291,48.48
5292,47.6
5293,47.64
5294,48.38
5295,49.9
5296,51.0
5297,51.02
5298,52.04
5299,53.2
5300,56.62
5301,57.58
5302,60.52
5303,60.94
5304,60.88
5305,60.8
5306,60.5
5307,67.24
5308,67.5
5309,69.08
5310,70.48
5311,70.92
5312,75.04
5313,77.48
5314,78.24
5315,79.36
5316,79.9
5317,79.8
5318,79.66
5319,81.06
5320,82.02
5321,81.96
5322,85.9
5323,88.2
5324,91.12
5325,93.2
5326,93.16
5327,93.74
5328,95.56
5329,96.24
5330,95.3
5331,98.76
5332,99.4
5333,101.32
5334,101.58
5335,101.4
5336,100.16
5337,100.02
5338,99.64
5339,100.66
5340,100.72
5341,101.5
5342,101.52
5343,101.56
5344,100.8
5345,102.42
5346,104.4
5347,104.2
5348,104.82
5349,105.1
5350,105.28
5351,104.38
5352,104.72
5353,104.66
5354,103.56
5355,102.48
5356,102.66
5357,101.66
5358,101.22
5359,102.14
5360,103.46
5361,103.06
5362,105.04
5363,105.26
5364,105.2
5365,105.5
5366,107.6
5367,106.4
5368,106.64
5369,104.9
5370,105.94
5371,104.9
5372,104.58
5373,106.78
5374,106.92
5375,106.08
5376,107.26
5377,106.8
5378,108.1
5379,107.54
5380,108.08
5381,108.14
5382,109.02
5383,108.96
5384,109.08
5385,108.08
5386,108.26
5387,108.9
5388,111.94
5389,113.36
5390,113.62
5391,113.98
5392,115.02
5393,117.08
5394,118.76
5395,118.6
5396,117.54
5397,117.72
5398,117.18
5399,119.02
5400,116.68
5401,115.66
5402,114.26
5403,113.98
5404,112.94
5405,113.5
5406,116.78
5407,111.04
5408,112.7
5409,112.16
5410,110.84
5411,110.16
5412,106.26
5413,103.52
5414,102.88
5415,101.56
5416,100.84
5417,104.86
5418,105.88
5419,104.9
5420,104.14
5421,104.66
5422,101.18
5423,99.82
5424,96.92
5425,95.3
5426,95.48
5427,95.14
5428,94.8
5429,94.5
5430,95.58
5431,92.18
5432,91.24
5433,90.7
5434,95.12
5435,95.1
5436,95.96
5437,96.22
5438,99.32
5439,101.08
5440,102.28
5441,101.7
5442,101.26
5443,100.66
5444,103.48
5445,102.08
5446,100.2
5447,99.94
5448,99.9
5449,99.76
5450,99.2
5451,102.7
5452,102.6
5453,102.54
5454,102.32
5455,102.36
5456,104.5
5457,104.32
5458,104.58
5459,103.72
5460,102.16
5461,101.42
5462,99.54
5463,101.3
5464,101.5
5465,105.7
5466,104.34
5467,106.12
5468,106.22
5469,106.62
5470,105.84
5471,108.0
5472,108.48
5473,106.88
5474,106.38
5475,106.58
5476,105.42
5477,105.96
5478,104.6
5479,103.9
5480,102.2
5481,102.62
5482,101.4
5483,101.3
5484,101.34
5485,101.52
5486,102.24
5487,105.1
5488,101.22
5489,100.82
5490,99.88
5491,99.08
5492,98.08
5493,96.88
5494,95.48
5495,95.06
5496,95.16
5497,95.08
5498,95.34
5499,93.98
5500,93.48
5501,93.34
5502,92.26
5503,92.38
5504,92.98
5505,93.2
5506,90.36
5507,89.76
5508,88.68
5509,87.64
5510,88.26
5511,88.34
5512,88.54
5513,88.5
5514,88.72
5515,92.06
5516,93.54
5517,90.22
5518,88.94
5519,89.24
5520,89.32
5521,88.98
5522,89.82
5523,91.9
5524,93.04
5525,93.22
5526,94.4
5527,95.08
5528,93.82
5529,95.52
5530,94.52
5531,95.3
5532,95.74
5533,95.44
5534,92.64
5535,93.2
5536,92.5
5537,92.92
5538,90.64
5539,87.82
5540,86.52
5541,86.22
5542,87.6
5543,87.62
5544,88.34
5545,89.2
5546,89.58
5547,89.6
5548,91.34
5549,92.22
5550,93.06
5551,93.2
5552,94.28
5553,94.84
5554,94.78
5555,95.24
5556,92.48
5557,92.6
5558,92.76
5559,93.02
5560,92.96
5561,92.4
5562,92.5
5563,90.7
5564,90.36
5565,85.78
5566,85.18
5567,92.26
5568,92.54
5569,92.18
5570,90.74
5571,88.58
5572,88.8
5573,88.06
5574,88.22
5575,87.8
5576,89.94
5577,89.5
5578,91.92
5579,93.2
5580,93.26
5581,93.18
5582,93.1
5583,96.0
5584,96.36
5585,97.28
5586,97.34
5587,95.44
5588,99.34
5589,99.6
5590,100.02
5591,99.5
5592,101.2
5593,100.64
5594,100.34
5595,99.18
5596,99.66
5597,101.0
5598,104.2
5599,103.38
5600,105.6
5601,105.62
5602,106.12
5603,105.68
5604,109.64
5605,112.18
5606,112.92
5607,113.72
5608,119.02
5609,120.74
5610,119.84
5611,124.66
5612,124.92
5613,126.04
5614,125.88
5615,122.9
5616,122.7
5617,123.74
5618,123.6
5619,126.08
5620,128.42
5621,128.16
5622,127.28
5623,125.02
5624,124.58
5625,124.86
5626,123.7
5627,126.44
5628,126.54
5629,124.8
5630,124.66
5631,123.84
5632,124.2
5633,123.18
5634,124.9
5635,125.32
5636,126.04
5637,125.18
5638,125.54
5639,125.74
5640,127.96
5641,128.42
5642,127.56
5643,128.36
5644,125.46
5645,127.78
5646,128.48
5647,129.86
5648,128.28
5649,128.44
5650,128.44
5651,124.7
5652,123.82
5653,124.62
5654,124.16
5655,125.78
5656,125.84
5657,125.48
5658,127.4
5659,127.26
5660,127.98
5661,130.14
5662,136.4
5663,139.9
5664,142.26
5665,142.96
5666,143.26
5667,135.24
5668,135.28
5669,134.82
5670,135.34
5671,137.64
5672,137.32
5673,138.58
5674,144.4
5675,146.14
5676,144.06
5677,144.8
5678,146.04
5679,144.8
5680,144.74
5681,143.92
5682,151.66
5683,150.78
5684,153.16
5685,152.02
5686,151.14
5687,148.62
5688,145.68
5689,147.24
5690,147.88
5691,147.82
5692,146.32
5693,147.4
5694,149.32
5695,149.58
5696,152.76
5697,154.26
5698,151.06
5699,152.2
5700,151.14
5701,151.26
5702,151.02
5703,161.48
5704,158.78
5705,157.52
5706,156.94
5707,156.26
5708,150.56
5709,149.16
5710,153.14
5711,152.74
5712,152.96
5713,152.66
5714,152.88
5715,153.0
5716,155.36
5717,155.08
5718,155.72
5719,153.7
5720,152.66
5721,157.66
5722,159.96
5723,160.52
5724,163.66
5725,165.84
5726,171.88
5727,168.8
5728,169.68
5729,170.08
5730,170.66
5731,170.86
5732,170.26
5733,170.4
5734,168.2
5735,167.3
5736,167.0
5737,169.6
5738,173.12
5739,173.02
5740,171.74
5741,171.38
5742,171.24
5743,171.76
5744,171.22
5745,167.9
5746,167.14
5747,167.52
5748,166.78
5749,166.5
5750,166.38
5751,167.3
5752,168.34
5753,169.62
5754,169.48
5755,172.22
5756,173.0
5757,173.08
5758,171.16
5759,171.54
5760,173.32
5761,171.1
5762,165.88
5763,164.18
5764,164.18
5765,164.82
5766,165.64
5767,167.18
5768,167.12
5769,172.44
5770,173.28
5771,176.5
5772,176.02
5773,175.42
5774,170.92
5775,169.4
5776,170.92
5777,170.5
5778,166.74
5779,166.98
5780,169.74
5781,170.06
5782,163.04
5783,161.92
5784,159.72
5785,160.02
5786,161.44
5787,161.4
5788,160.44
5789,158.36
5790,161.04
5791,160.96
5792,162.02
5793,162.36
5794,161.06
5795,160.62
5796,157.42
5797,157.76
5798,156.22
5799,157.52
5800,156.24
5801,156.3
5802,156.92
5803,148.2
5804,147.74
5805,146.1
5806,146.04
5807,149.24
5808,149.42
5809,149.5
5810,146.2
5811,142.34
5812,141.88
5813,143.08
5814,144.26
5815,150.88
5816,147.28
5817,145.76
5818,147.72
5819,149.16
5820,149.36
5821,147.78
5822,146.12
5823,146.32
5824,145.22
5825,144.1
5826,138.46
5827,138.32
5828,137.02
5829,136.68
5830,136.66
5831,136.36
5832,136.36
5833,136.18
5834,135.08
5835,136.36
5836,136.24
5837,134.22
5838,129.24
5839,130.34
5840,129.52
5841,129.88
5842,129.14
5843,127.82
5844,130.18
5845,129.88
5846,132.8
5847,131.7
5848,134.56
5849,133.92
5850,133.88
5851,135.26
5852,139.38
5853,136.7
5854,142.58
5855,139.06
5856,138.34
5857,141.0
5858,141.18
5859,141.56
5860,139.36
5861,139.32
5862,138.26
5863,140.46
5864,141.44
5865,141.72
5866,141.84
5867,139.74
5868,142.3
5869,138.96
5870,137.9
5871,137.9
5872,138.24
5873,138.3
5874,140.16
5875,147.14
5876,148.62
5877,151.6
5878,152.74
5879,155.18
5880,153.02
5881,153.18
5882,153.44
5883,154.96
5884,155.96
5885,156.58
5886,156.3
5887,160.44
5888,161.3
5889,165.0
5890,166.8
5891,168.88
5892,168.58
5893,169.94
5894,170.34
5895,172.68
5896,173.98
5897,171.52
5898,172.68
5899,169.66
5900,170.0
5901,176.84
5902,176.26
5903,176.48
5904,180.38
5905,180.62
5906,180.26
5907,176.46
5908,176.32
5909,177.16
5910,176.72
5911,176.4
5912,183.2
5913,182.0
5914,181.84
5915,174.6
5916,177.18
5917,177.14
5918,174.68
5919,172.4
5920,170.96
5921,167.68
5922,166.66
5923,166.96
5924,164.52
5925,163.36
5926,163.02
5927,164.32
5928,164.6
5929,167.4
5930,167.16
5931,168.22
5932,175.4
5933,178.36
5934,179.68
5935,179.98
5936,180.36
5937,186.06
5938,185.56
5939,187.66
5940,187.68
5941,189.5
5942,191.96
5943,194.98
5944,196.96
5945,207.54
